t,vx,vy,speed,yaw,yaw_rate,steering_angle,ax,ay,pos_x,pos_y,sideslip,alpha_f,alpha_r,fy_f,fy_r,f_long,throttle,brake,steer_cmd,util_f,util_r,mu_surface,roll,pitch
0.0,24.868988605485693,0.0,24.868988605485693,0.0,0.0,0.0,-7.85984311768606,0.0,0.4153019159749004,0.0,0.0,0.0,0.0,-0.0,-0.0,-9000.0,0.0,1.0,0.0,0.7544507533765059,0.7839692439998392,1.0,0.0,-0.016780445393741638
0.016666666666666666,24.73801448271274,0.0,24.73801448271274,0.0,0.0,0.0,-7.8576114660433225,0.0,0.8284206972244874,0.0,0.0,0.0,0.0,-0.0,-0.0,-9000.0,0.0,1.0,0.0,0.7544959162804288,0.7838786942475225,1.0,0.0,-0.01677568090824643
0.03333333333333333,24.607077424982418,0.0,24.607077424982418,0.0,0.0,0.0,-7.8553922112466985,0.0,1.2393569627910448,0.0,0.0,0.0,0.0,-0.0,-0.0,-9000.0,0.0,1.0,0.0,0.7545408339462986,0.7837886676800296,1.0,0.0,-0.016770942889513495
0.05,24.476177225821097,0.0,24.476177225821097,0.0,0.0,0.0,-7.853185339821298,0.0,1.6481113282742237,0.0,0.0,0.0,0.0,-0.0,-0.0,-9000.0,0.0,1.0,0.0,0.7545855065583562,0.7836991633975745,1.0,0.0,-0.01676623130877448
0.06666666666666667,24.345313678978883,0.0,24.345313678978883,0.0,0.0,0.0,-7.850990838372976,0.0,2.054684405834781,0.0,0.0,0.0,0.0,-0.0,-0.0,-9000.0,0.0,1.0,0.0,0.7546299342998057,0.7836101805063104,1.0,0.0,-0.016761546137433442
0.08333333333333333,24.21448657842828,0.0,24.21448657842828,0.0,0.0,0.0,-7.848808693588165,0.0,2.459076804198293,0.0,0.0,0.0,0.0,-0.0,-0.0,-9000.0,0.0,1.0,0.0,0.7546741173528156,0.7835217181183071,1.0,0.0,-0.016756887347066447
0.1,24.083695718362847,0.0,24.083695718362847,0.0,0.0,0.0,-7.846638892233703,0.0,2.861289128658849,0.0,0.0,0.0,0.0,-0.0,-0.0,-9000.0,0.0,1.0,0.0,0.7547180558985197,0.7834337753515311,1.0,0.0,-0.01675225490942124
0.11666666666666667,23.95294089319586,0.0,23.95294089319586,0.0,0.0,0.0,-7.844481421156649,0.0,3.261321981082722,0.0,0.0,0.0,0.0,-0.0,-0.0,-9000.0,0.0,1.0,0.0,0.7547617501170185,0.7833463513298232,1.0,0.0,-0.01674764879641682
0.13333333333333333,23.82222189755897,0.0,23.82222189755897,0.0,0.0,0.0,-7.842336267284125,0.0,3.659175959912015,0.0,0.0,0.0,0.0,-0.0,-0.0,-9000.0,0.0,1.0,0.0,0.7548052001873811,0.783259445182877,1.0,0.0,-0.016743068980143123
0.15,23.691538526300885,0.0,23.691538526300885,0.0,0.0,0.0,-7.840203417623137,0.0,4.05485166016829,0.0,0.0,0.0,0.0,-0.0,-0.0,-9000.0,0.0,1.0,0.0,0.7548484062876452,0.7831730560462188,1.0,0.0,-0.01673851543286064
0.16666666666666666,23.56089057448603,0.0,23.56089057448603,0.0,0.0,0.0,-7.838082859260404,0.0,4.448349673456167,0.0,0.0,0.0,0.0,-0.0,-0.0,-9000.0,0.0,1.0,0.0,0.7548913685948192,0.7830871830611863,1.0,0.0,-0.01673398812700004
0.18333333333333332,23.430277837393223,0.0,23.430277837393223,0.0,0.0,0.0,-7.835974579362202,0.0,4.839670587966909,0.0,0.0,0.0,0.0,-0.0,-0.0,-9000.0,0.0,1.0,0.0,0.7549340872848835,0.7830018253749077,1.0,0.0,-0.016729487035161847
0.2,23.299700110514348,0.0,23.299700110514348,0.0,0.0,0.0,-7.833878565174181,0.0,5.228814988481981,0.0,0.0,0.0,0.0,-0.0,-0.0,-9000.0,0.0,1.0,0.0,0.7549765625327911,0.7829169821402817,1.0,0.0,-0.01672501213011604
0.21666666666666667,23.169157189553044,0.0,23.169157189553044,0.0,0.0,0.0,-7.831794804021211,0.0,5.615783456376588,0.0,0.0,0.0,0.0,-0.0,-0.0,-9000.0,0.0,1.0,0.0,0.7550187945124694,0.7828326525159564,1.0,0.0,-0.01672056338480173
0.23333333333333334,23.038648870423366,0.0,23.038648870423366,0.0,0.0,0.0,-7.829723283307209,0.0,6.000576569623185,0.0,0.0,0.0,0.0,-0.0,-0.0,-9000.0,0.0,1.0,0.0,0.7550607833968211,0.7827488356663097,1.0,0.0,-0.016716140772326794
0.25,22.908174949248487,0.0,22.908174949248487,0.0,0.0,0.0,-7.827663990514984,0.0,6.383194902794979,0.0,0.0,0.0,0.0,-0.0,-0.0,-9000.0,0.0,1.0,0.0,0.7551025293577254,0.7826655307614292,1.0,0.0,-0.01671174426596754
0.26666666666666666,22.777735222359386,0.0,22.777735222359386,0.0,0.0,0.0,-7.825616913206063,0.0,6.763639027069395,0.0,0.0,0.0,0.0,-0.0,-0.0,-9000.0,0.0,1.0,0.0,0.7551440325660392,0.7825827369770916,1.0,0.0,-0.01670737383916833
0.2833333333333333,22.64732948629352,0.0,22.64732948629352,0.0,0.0,0.0,-7.823582039020542,0.0,7.1419095102315255,0.0,0.0,0.0,0.0,-0.0,-0.0,-9000.0,0.0,1.0,0.0,0.7551852931915984,0.7825004534947442,1.0,0.0,-0.016703029465541277
0.3,22.516957537793534,0.0,22.516957537793534,0.0,0.0,0.0,-7.821559355676915,0.0,7.518006916677561,0.0,0.0,0.0,0.0,-0.0,-0.0,-9000.0,0.0,1.0,0.0,0.755226311403219,0.782418679501484,1.0,0.0,-0.016698711118865856
0.31666666666666665,22.38661917380595,0.0,22.38661917380595,0.0,0.0,0.0,-7.819548850971921,0.0,7.891931807418196,0.0,0.0,0.0,0.0,-0.0,-0.0,-9000.0,0.0,1.0,0.0,0.7552670873686984,0.7823374141900393,1.0,0.0,-0.01669441877308861
0.3333333333333333,22.256314191479866,0.0,22.256314191479866,0.0,0.0,0.0,-7.81755051278038,0.0,8.263684740082008,0.0,0.0,0.0,0.0,-0.0,-0.0,-9000.0,0.0,1.0,0.0,0.7553076212548161,0.7822566567587498,1.0,0.0,-0.016690152402322772
0.35,22.126042388165647,0.0,22.126042388165647,0.0,0.0,0.0,-7.815564329055045,0.0,8.633266268918828,0.0,0.0,0.0,0.0,-0.0,-0.0,-9000.0,0.0,1.0,0.0,0.7553479132273354,0.7821764064115477,1.0,0.0,-0.016685911980847956
0.36666666666666664,21.995803561413645,0.0,21.995803561413645,0.0,0.0,0.0,-7.813590287826437,0.0,9.000676944803077,0.0,0.0,0.0,0.0,-0.0,-0.0,-9000.0,0.0,1.0,0.0,0.7553879634510045,0.782096662357939,1.0,0.0,-0.01668169748310981
0.3833333333333333,21.865597508972886,0.0,21.865597508972886,0.0,0.0,0.0,-7.811628377202695,0.0,9.36591731523709,0.0,0.0,0.0,0.0,-0.0,-0.0,-9000.0,0.0,1.0,0.0,0.7554277720895569,0.7820174238129838,1.0,0.0,-0.016677508883719702
0.4,21.735424028789787,0.0,21.735424028789787,0.0,0.0,0.0,-7.809678585369419,0.0,9.7289879243544,0.0,0.0,0.0,0.0,-0.0,-0.0,-9000.0,0.0,1.0,0.0,0.7554673393057139,0.781938689997279,1.0,0.0,-0.01667334615745436
0.4166666666666667,21.60528291900687,0.0,21.60528291900687,0.0,0.0,0.0,-7.807740900589519,0.0,10.089889312923036,0.0,0.0,0.0,0.0,-0.0,-0.0,-9000.0,0.0,1.0,0.0,0.755506665261184,0.7818604601369387,1.0,0.0,-0.01666920927925558
0.43333333333333335,21.47517397796147,0.0,21.47517397796147,0.0,0.0,0.0,-7.805815311203066,0.0,10.448622018348763,0.0,0.0,0.0,0.0,-0.0,-0.0,-9000.0,0.0,1.0,0.0,0.755545750116666,0.7817827334635757,1.0,0.0,-0.016665098224229884
0.45,21.345097004184456,0.0,21.345097004184456,0.0,0.0,0.0,-7.803901805627132,0.0,10.805186574678313,0.0,0.0,0.0,0.0,-0.0,-0.0,-9000.0,0.0,1.0,0.0,0.7555845940318482,0.7817055092142848,1.0,0.0,-0.016661012967648194
0.4666666666666667,21.215051796398935,0.0,21.215051796398935,0.0,0.0,0.0,-7.802000372355654,0.0,11.159583512602614,0.0,0.0,0.0,0.0,-0.0,-0.0,-9000.0,0.0,1.0,0.0,0.7556231971654107,0.7816287866316229,1.0,0.0,-0.016656953484945534
0.48333333333333334,21.08503815351899,0.0,21.08503815351899,0.0,0.0,0.0,-7.800110999959273,0.0,11.511813359459962,0.0,0.0,0.0,0.0,-0.0,-0.0,-9000.0,0.0,1.0,0.0,0.7556615596750261,0.7815525649635922,1.0,0.0,-0.01665291975172068
0.5,20.955055874648394,0.0,20.955055874648394,0.0,0.0,0.0,-7.798233677085194,0.0,11.861876639239204,0.0,0.0,0.0,0.0,-0.0,-0.0,-9000.0,0.0,1.0,0.0,0.7556996817173608,0.7814768434636219,1.0,0.0,-0.016648911743735888
0.5166666666666666,20.82510475907934,0.0,20.82510475907934,0.0,0.0,0.0,-7.796368392457034,0.0,12.209773872582877,0.0,0.0,0.0,0.0,-0.0,-0.0,-9000.0,0.0,1.0,0.0,0.7557375634480759,0.7814016213905509,1.0,0.0,-0.016644929436916533
0.5333333333333333,20.69518460629116,0.0,20.69518460629116,0.0,0.0,0.0,-7.794515134874687,0.0,12.555505576790338,0.0,0.0,0.0,0.0,-0.0,-0.0,-9000.0,0.0,1.0,0.0,0.7557752050218279,0.7813268980086105,1.0,0.0,-0.016640972807350843
0.55,20.565295215949067,0.0,20.565295215949067,0.0,0.0,0.0,-7.792673893214165,0.0,12.899072265820877,0.0,0.0,0.0,0.0,-0.0,-0.0,-9000.0,0.0,1.0,0.0,0.7558126065922709,0.7812526725874063,1.0,0.0,-0.01663704183128956
0.5666666666666667,20.43543638790288,0.0,20.43543638790288,0.0,0.0,0.0,-7.790844656427465,0.0,13.240474450296787,0.0,0.0,0.0,0.0,-0.0,-0.0,-9000.0,0.0,1.0,0.0,0.7558497683120563,0.7811789444019016,1.0,0.0,-0.016633136485145646
0.5833333333333334,20.305607922185754,0.0,20.305607922185754,0.0,0.0,0.0,-7.789027413542426,0.0,13.579712637506445,0.0,0.0,0.0,0.0,-0.0,-0.0,-9000.0,0.0,1.0,0.0,0.755886690332835,0.7811057127324005,1.0,0.0,-0.016629256745493978
0.6,20.175809619012934,0.0,20.175809619012934,0.0,0.0,0.0,-7.787222153662583,0.0,13.916787331407336,0.0,0.0,0.0,0.0,-0.0,-0.0,-9000.0,0.0,1.0,0.0,0.7559233728052576,0.7810329768645303,1.0,0.0,-0.016625402589071053
0.6166666666666667,20.04604127878049,0.0,20.04604127878049,0.0,0.0,0.0,-7.78542886596703,0.0,14.251699032629096,0.0,0.0,0.0,0.0,-0.0,-0.0,-9000.0,0.0,1.0,0.0,0.7559598158789758,0.7809607360892253,1.0,0.0,-0.016621573992774672
0.6333333333333333,19.916302702064037,0.0,19.916302702064037,0.0,0.0,0.0,-7.783647539710284,0.0,14.584448238476488,0.0,0.0,0.0,0.0,-0.0,-0.0,-9000.0,0.0,1.0,0.0,0.7559960197026436,0.7808889897027105,1.0,0.0,-0.01661777093366367
0.65,19.786593689617515,0.0,19.786593689617515,0.0,0.0,0.0,-7.781878164222138,0.0,14.915035442932405,0.0,0.0,0.0,0.0,-0.0,-0.0,-9000.0,0.0,1.0,0.0,0.7560319844239184,0.7808177370064837,1.0,0.0,-0.01661399338895759
0.6666666666666666,19.656914042371906,0.0,19.656914042371906,0.0,0.0,0.0,-7.7801207289075345,0.0,15.243461136660814,0.0,0.0,0.0,0.0,-0.0,-0.0,-9000.0,0.0,1.0,0.0,0.7560677101894611,0.7807469773073008,1.0,0.0,-0.016610241336036405
0.6833333333333333,19.527263561434,0.0,19.527263561434,0.0,0.0,0.0,-7.778375223246421,0.0,15.569725807009696,0.0,0.0,0.0,0.0,-0.0,-0.0,-9000.0,0.0,1.0,0.0,0.7561031971449385,0.7806767099171585,1.0,0.0,-0.016606514752440245
0.7,19.397642048085142,0.0,19.397642048085142,0.0,0.0,0.0,-7.776641636793621,0.0,15.893829938013967,0.0,0.0,0.0,0.0,-0.0,-0.0,-9000.0,0.0,1.0,0.0,0.7561384454350231,0.7806069341532791,1.0,0.0,-0.016602813615869072
0.7166666666666667,19.268049303779986,0.0,19.268049303779986,0.0,0.0,0.0,-7.774919959178696,0.0,16.215774010398373,0.0,0.0,0.0,0.0,-0.0,-0.0,-9000.0,0.0,1.0,0.0,0.7561734552033947,0.7805376493380932,1.0,0.0,-0.016599137904182427
0.7333333333333333,19.138485130145238,0.0,19.138485130145238,0.0,0.0,0.0,-7.773210180105814,0.0,16.53555850158036,0.0,0.0,0.0,0.0,-0.0,-0.0,-9000.0,0.0,1.0,0.0,0.7562082265927418,0.7804688547992256,1.0,0.0,-0.01659548759539913
0.75,19.00894932897844,0.0,19.00894932897844,0.0,0.0,0.0,-7.77151228935362,0.0,16.85318388567294,0.0,0.0,0.0,0.0,-0.0,-0.0,-9000.0,0.0,1.0,0.0,0.7562427597447611,0.780400549869478,1.0,0.0,-0.01659186266769699
0.7666666666666666,18.8794417022467,0.0,18.8794417022467,0.0,0.0,0.0,-7.769826276775096,0.0,17.16865063348752,0.0,0.0,0.0,0.0,-0.0,-0.0,-9000.0,0.0,1.0,0.0,0.7562770548001605,0.7803327338868153,1.0,0.0,-0.016588263099412554
0.7833333333333333,18.749962052085486,0.0,18.749962052085486,0.0,0.0,0.0,-7.768152132297446,0.0,17.481959212536708,0.0,0.0,0.0,0.0,-0.0,-0.0,-9000.0,0.0,1.0,0.0,0.7563111118986584,0.780265406194348,1.0,0.0,-0.0165846888690408
0.8,18.620510180797368,0.0,18.620510180797368,0.0,0.0,0.0,-7.766489845921953,0.0,17.793110087037114,0.0,0.0,0.0,0.0,-0.0,-0.0,-9000.0,0.0,1.0,0.0,0.7563449311789856,0.7801985661403188,1.0,0.0,-0.016581139955234882
0.8166666666666667,18.491085890850783,0.0,18.491085890850783,0.0,0.0,0.0,-7.7648394077238585,0.0,18.10210371791212,0.0,0.0,0.0,0.0,-0.0,-0.0,-9000.0,0.0,1.0,0.0,0.7563785127788857,0.7801322130780867,1.0,0.0,-0.016577616336805837
0.8333333333333334,18.361688984878818,0.0,18.361688984878818,0.0,0.0,0.0,-7.763200807852236,0.0,18.40894056279463,0.0,0.0,0.0,0.0,-0.0,-0.0,-9000.0,0.0,1.0,0.0,0.7564118568351165,0.7800663463661117,1.0,0.0,-0.016574117992722345
0.85,18.232319265677976,0.0,18.232319265677976,0.0,0.0,0.0,-7.7615740365298596,0.0,18.713621076029813,0.0,0.0,0.0,0.0,-0.0,-0.0,-9000.0,0.0,1.0,0.0,0.7564449634834508,0.7800009653679407,1.0,0.0,-0.016570644902110417
0.8666666666666667,18.102976536206945,0.0,18.102976536206945,0.0,0.0,0.0,-7.759959084053086,0.0,19.016145708677797,0.0,0.0,0.0,0.0,-0.0,-0.0,-9000.0,0.0,1.0,0.0,0.7564778328586773,0.7799360694521922,1.0,0.0,-0.01656719704425318
0.8833333333333333,17.973660599585376,0.0,17.973660599585376,0.0,0.0,0.0,-7.758355940791724,0.0,19.316514908516357,0.0,0.0,0.0,0.0,-0.0,-0.0,-9000.0,0.0,1.0,0.0,0.7565104650946014,0.7798716579925418,1.0,0.0,-0.016563774398590556
0.9,17.844371259092657,0.0,17.844371259092657,0.0,0.0,0.0,-7.756764597188916,0.0,19.614729120043613,0.0,0.0,0.0,0.0,-0.0,-0.0,-9000.0,0.0,1.0,0.0,0.7565428603240464,0.7798077303677076,1.0,0.0,-0.016560376944719055
0.9166666666666666,17.715108318166692,0.0,17.715108318166692,0.0,0.0,0.0,-7.755185043761012,0.0,19.91078878448065,0.0,0.0,0.0,0.0,-0.0,-0.0,-9000.0,0.0,1.0,0.0,0.7565750186788541,0.7797442859614364,1.0,0.0,-0.016557004662391458
0.9333333333333333,17.585871580402696,0.0,17.585871580402696,0.0,0.0,0.0,-7.7536172710974585,0.0,20.204694339774157,0.0,0.0,0.0,0.0,-0.0,-0.0,-9000.0,0.0,1.0,0.0,0.7566069402898863,0.7796813241624889,1.0,0.0,-0.016553657531516625
0.95,17.456660849551948,0.0,17.456660849551948,0.0,0.0,0.0,-7.752061269860661,0.0,20.49644622059904,0.0,0.0,0.0,0.0,-0.0,-0.0,-9000.0,0.0,1.0,0.0,0.7566386252870247,0.7796188443646258,1.0,0.0,-0.016550335532159167
0.9666666666666667,17.327475929520613,0.0,17.327475929520613,0.0,0.0,0.0,-7.750517030785886,0.0,20.78604485836101,0.0,0.0,0.0,0.0,-0.0,-0.0,-9000.0,0.0,1.0,0.0,0.7566700737991731,0.7795568459665936,1.0,0.0,-0.016547038644539255
0.9833333333333333,17.1983166243685,0.0,17.1983166243685,0.0,0.0,0.0,-7.748984544681125,0.0,21.07349068119915,0.0,0.0,0.0,0.0,-0.0,-0.0,-9000.0,0.0,1.0,0.0,0.7567012859542569,0.7794953283721116,1.0,0.0,-0.016543766849032325
1.0,17.069182738307862,0.0,17.069182738307862,0.0,0.0,0.0,-7.747463802426984,0.0,21.358784113988452,0.0,0.0,0.0,0.0,-0.0,-0.0,-9000.0,0.0,1.0,0.0,0.7567322618792253,0.7794342909898566,1.0,0.0,-0.016540520126168846
1.0166666666666666,16.940074075702185,0.0,16.940074075702185,0.0,0.0,0.0,-7.745954794976574,0.0,21.641925578342374,0.0,0.0,0.0,0.0,-0.0,-0.0,-9000.0,0.0,1.0,0.0,0.756763001700051,0.7793737332334515,1.0,0.0,-0.01653729845663407
1.0333333333333332,16.81099044106499,0.0,16.81099044106499,0.0,0.0,0.0,-7.744457513355385,0.0,21.922915492615314,0.0,0.0,0.0,0.0,-0.0,-0.0,-9000.0,0.0,1.0,0.0,0.7567935055417319,0.7793136545214495,1.0,0.0,-0.01653410182126779
1.05,16.681931639058618,0.0,16.681931639058618,0.0,0.0,0.0,-7.742971948661178,0.0,22.20175427190512,0.0,0.0,0.0,0.0,-0.0,-0.0,-9000.0,0.0,1.0,0.0,0.7568237735282919,0.7792540542773226,1.0,0.0,-0.01653093020106408
1.0666666666666667,16.55289747449302,0.0,16.55289747449302,0.0,0.0,0.0,-7.741498092063869,0.0,22.478442328055554,0.0,0.0,0.0,0.0,-0.0,-0.0,-9000.0,0.0,1.0,0.0,0.7568538057827812,0.7791949319294473,1.0,0.0,-0.016527783577171083
1.0833333333333333,16.42388775232457,0.0,16.42388775232457,0.0,0.0,0.0,-7.740035934805425,0.0,22.752980069658733,0.0,0.0,0.0,0.0,-0.0,-0.0,-9000.0,0.0,1.0,0.0,0.7568836024272775,0.7791362869110922,1.0,0.0,-0.016524661930890742
1.1,16.29490227765487,0.0,16.29490227765487,0.0,0.0,0.0,-7.7385854681997355,0.0,23.02536790205756,0.0,0.0,0.0,0.0,-0.0,-0.0,-9000.0,0.0,1.0,0.0,0.7569131635828872,0.7790781186604041,1.0,0.0,-0.01652156524367857
1.1166666666666667,16.165940855729527,0.0,16.165940855729527,0.0,0.0,0.0,-7.737146683632522,0.0,23.295606227348145,0.0,0.0,0.0,0.0,-0.0,-0.0,-9000.0,0.0,1.0,0.0,0.7569424893697456,0.7790204266203962,1.0,0.0,-0.016518493497143433
1.1333333333333333,16.03700329193698,0.0,16.03700329193698,0.0,0.0,0.0,-7.735719572561214,0.0,23.56369544438216,0.0,0.0,0.0,0.0,-0.0,-0.0,-9000.0,0.0,1.0,0.0,0.7569715799070179,0.7789632102389349,1.0,0.0,-0.016515446673047288
1.15,15.908089391807291,0.0,15.908089391807291,0.0,0.0,0.0,-7.734304126514848,0.0,23.829635948769248,0.0,0.0,0.0,0.0,-0.0,-0.0,-9000.0,0.0,1.0,0.0,0.7570004353129007,0.778906468968727,1.0,0.0,-0.01651242475330497
1.1666666666666667,15.779198961010971,0.0,15.779198961010971,0.0,0.0,0.0,-7.732900337093956,0.0,24.09342813287934,0.0,0.0,0.0,0.0,-0.0,-0.0,-9000.0,0.0,1.0,0.0,0.7570290557046216,0.7788502022673073,1.0,0.0,-0.016509427719983965
1.1833333333333333,15.65033180535777,0.0,15.65033180535777,0.0,0.0,0.0,-7.7315081959704655,0.0,24.355072385845,0.0,0.0,0.0,0.0,-0.0,-0.0,-9000.0,0.0,1.0,0.0,0.7570574411984411,0.7787944095970266,1.0,0.0,-0.01650645555530417
1.2,15.5214877307955,0.0,15.5214877307955,0.0,0.0,0.0,-7.730127694887582,0.0,24.614569093563713,0.0,0.0,0.0,0.0,-0.0,-0.0,-9000.0,0.0,1.0,0.0,0.7570855919096526,0.7787390904250391,1.0,0.0,-0.016503508241637665
1.2166666666666666,15.392666543408842,0.0,15.392666543408842,0.0,0.0,0.0,-7.728758825659696,0.0,24.87191863870021,0.0,0.0,0.0,0.0,-0.0,-0.0,-9000.0,0.0,1.0,0.0,0.7571135079525841,0.7786842442232903,1.0,0.0,-0.01650058576150851
1.2333333333333334,15.263868049418164,0.0,15.263868049418164,0.0,0.0,0.0,-7.727401580172277,0.0,25.127121400688697,0.0,0.0,0.0,0.0,-0.0,-0.0,-9000.0,0.0,1.0,0.0,0.757141189440598,0.7786298704685052,1.0,0.0,-0.016497688097592514
1.25,15.13509205517834,0.0,15.13509205517834,0.0,0.0,0.0,-7.726055950381763,0.0,25.380177755735136,0.0,0.0,0.0,0.0,-0.0,-0.0,-9000.0,0.0,1.0,0.0,0.7571686364860928,0.7785759686421757,1.0,0.0,-0.01649481523271699
1.2666666666666666,15.006338367177566,0.0,15.006338367177566,0.0,0.0,0.0,-7.724721928315471,0.0,25.63108807681945,0.0,0.0,0.0,0.0,-0.0,-0.0,-9000.0,0.0,1.0,0.0,0.7571958492005025,0.7785225382305502,1.0,0.0,-0.016491967149860592
1.2833333333333332,14.87760679203617,0.0,14.87760679203617,0.0,0.0,0.0,-7.723399506071482,0.0,25.879852733697742,0.0,0.0,0.0,0.0,-0.0,-0.0,-9000.0,0.0,1.0,0.0,0.7572228276942996,0.7784695787246202,1.0,0.0,-0.016489143832153042
1.3,14.74889713650545,0.0,14.74889713650545,0.0,0.0,0.0,-7.722088675818556,0.0,26.126472092904503,0.0,0.0,0.0,0.0,-0.0,-0.0,-9000.0,0.0,1.0,0.0,0.7572495720769936,0.7784170896201101,1.0,0.0,-0.01648634526287496
1.3166666666666667,14.620209207466484,0.0,14.620209207466484,0.0,0.0,0.0,-7.720789429796018,0.0,26.370946517754742,0.0,0.0,0.0,0.0,-0.0,-0.0,-9000.0,0.0,1.0,0.0,0.7572760824571333,0.7783650704174653,1.0,0.0,-0.016483571425457626
1.3333333333333333,14.491542811928968,0.0,14.491542811928968,0.0,0.0,0.0,-7.7195017603136735,0.0,26.61327636834618,0.0,0.0,0.0,0.0,-0.0,-0.0,-9000.0,0.0,1.0,0.0,0.7573023589423062,0.778313520621841,1.0,0.0,-0.01648082230348278
1.35,14.362897757030028,0.0,14.362897757030028,0.0,0.0,0.0,-7.718225659751702,0.0,26.853462001561358,0.0,0.0,0.0,0.0,-0.0,-0.0,-9000.0,0.0,1.0,0.0,0.7573284016391411,0.7782624397430903,1.0,0.0,-0.016478097880682416
1.3666666666666667,14.234273850033057,0.0,14.234273850033057,0.0,0.0,0.0,-7.716961120560562,0.0,27.09150377106974,0.0,0.0,0.0,0.0,-0.0,-0.0,-9000.0,0.0,1.0,0.0,0.7573542106533067,0.7782118272957546,1.0,0.0,-0.01647539814093858
1.3833333333333333,14.10567089832654,0.0,14.10567089832654,0.0,0.0,0.0,-7.715708135260903,0.0,27.32740202732983,0.0,0.0,0.0,0.0,-0.0,-0.0,-9000.0,0.0,1.0,0.0,0.757379786089514,0.7781616827990507,1.0,0.0,-0.016472723068283148
1.4,13.977088709422894,0.0,13.977088709422894,0.0,0.0,0.0,-7.71446669644346,0.0,27.561157117591225,0.0,0.0,0.0,0.0,-0.0,-0.0,-9000.0,0.0,1.0,0.0,0.7574051280515165,0.7781120057768616,1.0,0.0,-0.01647007264689765
1.4166666666666667,13.848527090957289,0.0,13.848527090957289,0.0,0.0,0.0,-7.71323679676897,0.0,27.792769385896683,0.0,0.0,0.0,0.0,-0.0,-0.0,-9000.0,0.0,1.0,0.0,0.7574302366421103,0.7780627957577251,1.0,0.0,-0.016467446861113056
1.4333333333333333,13.719985850686488,0.0,13.719985850686488,0.0,0.0,0.0,-7.712018428968068,0.0,28.02223917308415,0.0,0.0,0.0,0.0,-0.0,-0.0,-9000.0,0.0,1.0,0.0,0.7574551119631358,0.7780140522748229,1.0,0.0,-0.016464845695409566
1.45,13.591464796487687,0.0,13.591464796487687,0.0,0.0,0.0,-7.710811585841211,0.0,28.249566816788768,0.0,0.0,0.0,0.0,-0.0,-0.0,-9000.0,0.0,1.0,0.0,0.7574797541154777,0.7779657748659705,1.0,0.0,-0.016462269134416452
1.4666666666666666,13.462963736357343,0.0,13.462963736357343,0.0,0.0,0.0,-7.709616260258571,0.0,28.47475265144488,0.0,0.0,0.0,0.0,-0.0,-0.0,-9000.0,0.0,1.0,0.0,0.7575041631990661,0.7779179630736065,1.0,0.0,-0.016459717162911815
1.4833333333333334,13.334482478410019,0.0,13.334482478410019,0.0,0.0,0.0,-7.708432445159957,0.0,28.697797008288003,0.0,0.0,0.0,0.0,-0.0,-0.0,-9000.0,0.0,1.0,0.0,0.757528339312877,0.7778706164447824,1.0,0.0,-0.016457189765822444
1.5,13.206020830877224,0.0,13.206020830877224,0.0,0.0,0.0,-7.70726013355472,0.0,28.91870021535678,0.0,0.0,0.0,0.0,-0.0,-0.0,-9000.0,0.0,1.0,0.0,0.7575522825549328,0.7778237345311528,1.0,0.0,-0.016454686928223577
1.5166666666666666,13.077578602106257,0.0,13.077578602106257,0.0,0.0,0.0,-7.706099318521665,0.0,29.137462597494913,0.0,0.0,0.0,0.0,-0.0,-0.0,-9000.0,0.0,1.0,0.0,0.7575759930223037,0.7777773168889641,1.0,0.0,-0.01645220863533875
1.5333333333333332,12.949155600559044,0.0,12.949155600559044,0.0,0.0,0.0,-7.704949993208968,0.0,29.354084476353105,0.0,0.0,0.0,0.0,-0.0,-0.0,-9000.0,0.0,1.0,0.0,0.7575994708111071,0.7777313630790464,1.0,0.0,-0.016449754872539597
1.55,12.820751634810986,0.0,12.820751634810986,0.0,0.0,0.0,-7.703812150834084,0.0,29.56856617039093,0.0,0.0,0.0,0.0,-0.0,-0.0,-9000.0,0.0,1.0,0.0,0.75762271601651,0.7776858726668019,1.0,0.0,-0.01644732562534566
1.5666666666666667,12.692366513549809,0.0,12.692366513549809,0.0,0.0,0.0,-7.702685784683667,0.0,29.780907994878724,0.0,0.0,0.0,0.0,-0.0,-0.0,-9000.0,0.0,1.0,0.0,0.7576457287327277,0.7776408452221959,1.0,0.0,-0.016444920879424216
1.5833333333333333,12.564000045574405,0.0,12.564000045574405,0.0,0.0,0.0,-7.7015708881134834,0.0,29.991110261899447,0.0,0.0,0.0,0.0,-0.0,-0.0,-9000.0,0.0,1.0,0.0,0.7576685090530263,0.7775962803197473,1.0,0.0,-0.016442540620590102
1.6,12.435652039793684,0.0,12.435652039793684,0.0,0.0,0.0,-7.700467454548325,0.0,30.199173280350518,0.0,0.0,0.0,0.0,-0.0,-0.0,-9000.0,0.0,1.0,0.0,0.757691057069722,0.7775521775385188,1.0,0.0,-0.01644018483480551
1.6166666666666667,12.307322305225428,0.0,12.307322305225428,0.0,0.0,0.0,-7.699375477481932,0.0,30.405097355945646,0.0,0.0,0.0,0.0,-0.0,-0.0,-9000.0,0.0,1.0,0.0,0.7577133728741822,0.7775085364621074,1.0,0.0,-0.016437853508179844
1.6333333333333333,12.179010650995135,0.0,12.179010650995135,0.0,0.0,0.0,-7.6982949504769085,0.0,30.608882791216622,0.0,0.0,0.0,0.0,-0.0,-0.0,-9000.0,0.0,1.0,0.0,0.7577354565568265,0.7774653566786354,1.0,0.0,-0.016435546626969524
1.65,12.05071688633488,0.0,12.05071688633488,0.0,0.0,0.0,-7.69722586716464,0.0,30.81052988551511,0.0,0.0,0.0,0.0,-0.0,-0.0,-9000.0,0.0,1.0,0.0,0.7577573082071267,0.7774226377807407,1.0,0.0,-0.016433264177577813
1.6666666666666667,11.922440820582164,0.0,11.922440820582164,0.0,0.0,0.0,-7.696168221245216,0.0,31.0100389350144,0.0,0.0,0.0,0.0,-0.0,-0.0,-9000.0,0.0,1.0,0.0,0.757778927913608,0.7773803793655683,1.0,0.0,-0.016431006146554666
1.6833333333333333,11.794182263178769,0.0,11.794182263178769,0.0,0.0,0.0,-7.6951220064873525,0.0,31.207410232711172,0.0,0.0,0.0,0.0,-0.0,-0.0,-9000.0,0.0,1.0,0.0,0.7578003157638489,0.7773385810347606,1.0,0.0,-0.016428772520596543
1.7,11.665941023669621,0.0,11.665941023669621,0.0,0.0,0.0,-7.694087216728306,0.0,31.402644068427207,0.0,0.0,0.0,0.0,-0.0,-0.0,-9000.0,0.0,1.0,0.0,0.7578214718444826,0.7772972423944491,1.0,0.0,-0.016426563286546233
1.7166666666666666,11.537716911701644,0.0,11.537716911701644,0.0,0.0,0.0,-7.693063845873806,0.0,31.595740728811098,0.0,0.0,0.0,0.0,-0.0,-0.0,-9000.0,0.0,1.0,0.0,0.7578423962411971,0.7772563630552451,1.0,0.0,-0.01642437843139272
1.7333333333333334,11.409509737022617,0.0,11.409509737022617,0.0,0.0,0.0,-7.69205188789797,0.0,31.786700497339943,0.0,0.0,0.0,0.0,-0.0,-0.0,-9000.0,0.0,1.0,0.0,0.7578630890387359,0.7772159426322316,1.0,0.0,-0.016422217942270986
1.75,11.28131930948005,0.0,11.28131930948005,0.0,0.0,0.0,-7.691051336843236,0.0,31.975523654321005,0.0,0.0,0.0,0.0,-0.0,-0.0,-9000.0,0.0,1.0,0.0,0.7578835503208985,0.7771759807449543,1.0,0.0,-0.016420081806461886
1.7666666666666666,11.153145439020024,0.0,11.153145439020024,0.0,0.0,0.0,-7.690062186820277,0.0,32.16221047689338,0.0,0.0,0.0,0.0,-0.0,-0.0,-9000.0,0.0,1.0,0.0,0.7579037801705414,0.777136477017413,1.0,0.0,-0.016417970011391936
1.7833333333333332,11.024987935686065,0.0,11.024987935686065,0.0,0.0,0.0,-7.689084432007941,0.0,32.34676123902958,0.0,0.0,0.0,0.0,-0.0,-0.0,-9000.0,0.0,1.0,0.0,0.757923778669578,0.7770974310780533,1.0,0.0,-0.016415882544633227
1.8,10.896846609618017,0.0,10.896846609618017,0.0,0.0,0.0,-7.688118066653164,0.0,32.52917621153723,0.0,0.0,0.0,0.0,-0.0,-0.0,-9000.0,0.0,1.0,0.0,0.7579435458989798,0.7770588425597591,1.0,0.0,-0.016413819393903187
1.8166666666666667,10.768721271050893,0.0,10.768721271050893,0.0,0.0,0.0,-7.68716308507091,0.0,32.70945566206057,0.0,0.0,0.0,0.0,-0.0,-0.0,-9000.0,0.0,1.0,0.0,0.7579630819387766,0.777020711099843,1.0,0.0,-0.016411780547064506
1.8333333333333333,10.640611730313752,0.0,10.640611730313752,0.0,0.0,0.0,-7.686219481644092,0.0,32.88759985508209,0.0,0.0,0.0,0.0,-0.0,-0.0,-9000.0,0.0,1.0,0.0,0.757982386868057,0.7769830363400397,1.0,0.0,-0.016409765992124924
1.8499999999999999,10.512517797828563,0.0,10.512517797828563,0.0,0.0,0.0,-7.685287250823499,0.0,33.06360905192407,0.0,0.0,0.0,0.0,-0.0,-0.0,-9000.0,0.0,1.0,0.0,0.7580014607649693,0.7769458179264969,1.0,0.0,-0.016407775717237106
1.8666666666666667,10.384439284109073,0.0,10.384439284109073,0.0,0.0,0.0,-7.684366387127739,0.0,33.23748351075011,0.0,0.0,0.0,0.0,-0.0,-0.0,-9000.0,0.0,1.0,0.0,0.7580203037067219,0.7769090555097677,1.0,0.0,-0.016405809710698497
1.8833333333333333,10.25637599975968,0.0,10.25637599975968,0.0,0.0,0.0,-7.683456885143158,0.0,33.409223486566646,0.0,0.0,0.0,0.0,-0.0,-0.0,-9000.0,0.0,1.0,0.0,0.7580389157695834,0.7768727487448036,1.0,0.0,-0.01640386796095118
1.9,10.12832775547431,0.0,10.12832775547431,0.0,0.0,0.0,-7.682558739523779,0.0,33.57882923122447,0.0,0.0,0.0,0.0,-0.0,-0.0,-9000.0,0.0,1.0,0.0,0.7580572970288837,0.7768368972909458,1.0,0.0,-0.016401950456581695
1.9166666666666667,10.000294362035278,0.0,10.000294362035278,0.0,0.0,0.0,-7.681671944991229,0.0,33.746300993420164,0.0,0.0,0.0,0.0,-0.0,-0.0,-9000.0,0.0,1.0,0.0,0.7580754475590145,0.7768015008119185,1.0,0.0,-0.016400057186320937
1.9333333333333333,9.872275630312174,0.0,9.872275630312174,0.0,0.0,0.0,-7.680796496334683,0.0,33.91163901869762,0.0,0.0,0.0,0.0,-0.0,-0.0,-9000.0,0.0,1.0,0.0,0.7580933674334294,0.7767665589758203,1.0,0.0,-0.01639818813904401
1.95,9.744271371260728,0.0,9.744271371260728,0.0,0.0,0.0,-7.679932388410787,0.0,34.074843549449454,0.0,0.0,0.0,0.0,-0.0,-0.0,-9000.0,0.0,1.0,0.0,0.7581110567246446,0.7767320714551182,1.0,0.0,-0.01639634330377006
1.9666666666666666,9.61628139592169,0.0,9.61628139592169,0.0,0.0,0.0,-7.679079616143603,0.0,34.23591482491842,0.0,0.0,0.0,0.0,-0.0,-0.0,-9000.0,0.0,1.0,0.0,0.7581285155042395,0.7766980379266398,1.0,0.0,-0.01639452266966216
1.9833333333333334,9.488305515419713,0.0,9.488305515419713,0.0,0.0,0.0,-7.678238174524537,0.0,34.394853081198825,0.0,0.0,0.0,0.0,-0.0,-0.0,-9000.0,0.0,1.0,0.0,0.7581457438428575,0.7766644580715656,1.0,0.0,-0.016392726226027176
2.0,9.360343540962216,0.0,9.360343540962216,0.0,0.0,0.0,-7.677408058612288,0.0,34.551658551237935,0.0,0.0,0.0,0.0,-0.0,-0.0,-9000.0,0.0,1.0,0.0,0.7581627418102054,0.7766313315754226,1.0,0.0,-0.016390953962315623
2.0166666666666666,9.232395283838278,0.0,9.232395283838278,0.0,0.0,0.0,-7.676589263532773,0.0,34.70633146483731,0.0,0.0,0.0,0.0,-0.0,-0.0,-9000.0,0.0,1.0,0.0,0.7581795094750554,0.7765986581280773,1.0,0.0,-0.016389205868121533
2.033333333333333,9.104460555417516,0.0,9.104460555417516,0.0,0.0,0.0,-7.675781784479079,0.0,34.85887204865418,0.0,0.0,0.0,0.0,-0.0,-0.0,-9000.0,0.0,1.0,0.0,0.758196046905244,0.7765664374237283,1.0,0.0,-0.01638748193318235
2.05,8.976539167148957,0.0,8.976539167148957,0.0,0.0,0.0,-7.674985616711387,0.0,35.00928052620274,0.0,0.0,0.0,0.0,-0.0,-0.0,-9000.0,0.0,1.0,0.0,0.7582123541676737,0.7765346691609006,1.0,0.0,-0.016385782147378743
2.0666666666666664,8.84863093055993,0.0,8.84863093055993,0.0,0.0,0.0,-7.6742007555569325,0.0,35.157557117855504,0.0,0.0,0.0,0.0,-0.0,-0.0,-9000.0,0.0,1.0,0.0,0.7582284313283134,0.7765033530424373,1.0,0.0,-0.016384106500734553
2.0833333333333335,8.720735657254945,0.0,8.720735657254945,0.0,0.0,0.0,-7.6734271964099285,0.0,35.30370204084459,0.0,0.0,0.0,0.0,-0.0,-0.0,-9000.0,0.0,1.0,0.0,0.7582442784521976,0.776472488775495,1.0,0.0,-0.016382454983416617
2.1,8.592853158914583,0.0,8.592853158914583,0.0,0.0,0.0,-7.672664934731521,0.0,35.447715509262956,0.0,0.0,0.0,0.0,-0.0,-0.0,-9000.0,0.0,1.0,0.0,0.7582598956034283,0.7764420760715354,1.0,0.0,-0.01638082758573466
2.1166666666666667,8.464983247294365,0.0,8.464983247294365,0.0,0.0,0.0,-7.671913966049728,0.0,35.58959773406572,0.0,0.0,0.0,0.0,-0.0,-0.0,-9000.0,0.0,1.0,0.0,0.7582752828451746,0.7764121146463207,1.0,0.0,-0.016379224298141187
2.1333333333333333,8.337125734223658,0.0,8.337125734223658,0.0,0.0,0.0,-7.671174285959378,0.0,35.72934892307135,0.0,0.0,0.0,0.0,-0.0,-0.0,-9000.0,0.0,1.0,0.0,0.758290440239674,0.7763826042199057,1.0,0.0,-0.016377645111231333
2.15,8.209280431604547,0.0,8.209280431604547,0.0,0.0,0.0,-7.670445890122068,0.0,35.86696928096286,0.0,0.0,0.0,0.0,-0.0,-0.0,-9000.0,0.0,1.0,0.0,0.7583053678482313,0.7763535445166332,1.0,0.0,-0.01637609001574278
2.1666666666666665,8.081447151410735,0.0,8.081447151410735,0.0,0.0,0.0,-7.669728774266091,0.0,36.002459009289105,0.0,0.0,0.0,0.0,-0.0,-0.0,-9000.0,0.0,1.0,0.0,0.7583200657312206,0.7763249352651264,1.0,0.0,-0.016374559002555623
2.183333333333333,7.95362570568642,0.0,7.95362570568642,0.0,0.0,0.0,-7.669022934186405,0.0,36.13581830646585,0.0,0.0,0.0,0.0,-0.0,-0.0,-9000.0,0.0,1.0,0.0,0.7583345339480849,0.7762967761982843,1.0,0.0,-0.01637305206269225
2.2,7.825815906545194,0.0,7.825815906545194,0.0,0.0,0.0,-7.66832836574456,0.0,36.26704736777704,0.0,0.0,0.0,0.0,-0.0,-0.0,-9000.0,0.0,1.0,0.0,0.7583487725573368,0.7762690670532747,1.0,0.0,-0.016371569187317248
2.216666666666667,7.698017566168928,0.0,7.698017566168928,0.0,0.0,0.0,-7.667645064868662,0.0,36.39614638537586,0.0,0.0,0.0,0.0,-0.0,-0.0,-9000.0,0.0,1.0,0.0,0.7583627816165587,0.7762418075715292,1.0,0.0,-0.016370110367737285
2.2333333333333334,7.570230496806666,0.0,7.570230496806666,0.0,0.0,0.0,-7.666973027553309,0.0,36.52311554828589,0.0,0.0,0.0,0.0,-0.0,-0.0,-9000.0,0.0,1.0,0.0,0.7583765611824032,0.7762149974987369,1.0,0.0,-0.016368675595400995
2.25,7.442454510773516,0.0,7.442454510773516,0.0,0.0,0.0,-7.66631224985955,0.0,36.64795504240223,0.0,0.0,0.0,0.0,-0.0,-0.0,-9000.0,0.0,1.0,0.0,0.7583901113105938,0.7761886365848394,1.0,0.0,-0.016367264861898878
2.2666666666666666,7.314689420449543,0.0,7.314689420449543,0.0,0.0,0.0,-7.665662727914835,0.0,36.77066505049259,0.0,0.0,0.0,0.0,-0.0,-0.0,-9000.0,0.0,1.0,0.0,0.758403432055925,0.7761627245840248,1.0,0.0,-0.01636587815896319
2.283333333333333,7.186935038278665,0.0,7.186935038278665,0.0,0.0,0.0,-7.665024457912965,0.0,36.89124575219831,0.0,0.0,0.0,0.0,-0.0,-0.0,-9000.0,0.0,1.0,0.0,0.7584165234722625,0.7761372612547226,1.0,0.0,-0.01636451547846786
2.3,7.059191176767544,0.0,7.059191176767544,0.0,0.0,0.0,-7.664397436114043,0.0,37.00969732403548,0.0,0.0,0.0,0.0,-0.0,-0.0,-9000.0,0.0,1.0,0.0,0.7584293856125445,0.7761122463595982,1.0,0.0,-0.01636317681242835
2.3166666666666664,6.931457648484485,0.0,6.931457648484485,0.0,0.0,0.0,-7.663781658844427,0.0,37.12601993939593,0.0,0.0,0.0,0.0,-0.0,-0.0,-9000.0,0.0,1.0,0.0,0.7584420185287805,0.7760876796655479,1.0,0.0,-0.016361862153001595
2.3333333333333335,6.8037342660583295,0.0,6.8037342660583295,0.0,0.0,0.0,-7.66317712249669,0.0,37.24021376854828,0.0,0.0,0.0,0.0,-0.0,-0.0,-9000.0,0.0,1.0,0.0,0.7584544222720532,0.7760635609436936,1.0,0.0,-0.01636057149248588
2.35,6.676020842177354,0.0,6.676020842177354,0.0,0.0,0.0,-7.662583823529573,0.0,37.35227897863889,0.0,0.0,0.0,0.0,-0.0,-0.0,-9000.0,0.0,1.0,0.0,0.758466596892518,0.7760398899693778,1.0,0.0,-0.016359304823320757
2.3666666666666667,6.5483171895881656,0.0,6.5483171895881656,0.0,0.0,0.0,-7.662001758467932,0.0,37.462215733692894,0.0,0.0,0.0,0.0,-0.0,-0.0,-9000.0,0.0,1.0,0.0,0.7584785424394036,0.7760166665221585,1.0,0.0,-0.016358062138086937
2.3833333333333333,6.4206231210946045,0.0,6.4206231210946045,0.0,0.0,0.0,-7.6614309239027065,0.0,37.570024194615115,0.0,0.0,0.0,0.0,-0.0,-0.0,-9000.0,0.0,1.0,0.0,0.7584902589610123,0.7759938903858049,1.0,0.0,-0.016356843429506218
2.4,6.292938449556639,0.0,6.292938449556639,0.0,0.0,0.0,-7.660871316490875,0.0,37.67570451919103,0.0,0.0,0.0,0.0,-0.0,-0.0,-9000.0,0.0,1.0,0.0,0.7585017465047202,0.7759715613482923,1.0,0.0,-0.016355648690441385
2.4166666666666665,6.165262987889268,0.0,6.165262987889268,0.0,0.0,0.0,-7.660322932955407,0.0,37.7792568620877,0.0,0.0,0.0,0.0,-0.0,-0.0,-9000.0,0.0,1.0,0.0,0.758513005116978,0.775949679201797,1.0,0.0,-0.016354477913896107
2.433333333333333,6.03759654906142,0.0,6.03759654906142,0.0,0.0,0.0,-7.659785770085224,0.0,37.880681374854646,0.0,0.0,0.0,0.0,-0.0,-0.0,-9000.0,0.0,1.0,0.0,0.7585240348433103,0.775928243742693,1.0,0.0,-0.016353331093014865
2.45,5.909938946094854,0.0,5.909938946094854,0.0,0.0,0.0,-7.659259824735168,0.0,37.97997820592477,0.0,0.0,0.0,0.0,-0.0,-0.0,-9000.0,0.0,1.0,0.0,0.7585348357283174,0.7759072547715459,1.0,0.0,-0.01635220822108287
2.466666666666667,5.782289992063065,0.0,5.782289992063065,0.0,0.0,0.0,-7.658745093825951,0.0,38.07714750061523,0.0,0.0,0.0,0.0,-0.0,-0.0,-9000.0,0.0,1.0,0.0,0.7585454078156744,0.7758867120931099,1.0,0.0,-0.01635110929152598
2.4833333333333334,5.654649500090181,0.0,5.654649500090181,0.0,0.0,0.0,-7.658241574344123,0.0,38.17218940112824,0.0,0.0,0.0,0.0,-0.0,-0.0,-9000.0,0.0,1.0,0.0,0.7585557511481318,0.775866615516323,1.0,0.0,-0.016350034297910584
2.5,5.527017283349867,0.0,5.527017283349867,0.0,0.0,0.0,-7.6577492633420325,0.0,38.26510404655193,0.0,0.0,0.0,0.0,-0.0,-0.0,-9000.0,0.0,1.0,0.0,0.7585658657675163,0.7758469648543025,1.0,0.0,-0.016348983233943577
2.5166666666666666,5.399393155064234,0.0,5.399393155064234,0.0,0.0,0.0,-7.657268157937792,0.0,38.35589157286119,0.0,0.0,0.0,0.0,-0.0,-0.0,-9000.0,0.0,1.0,0.0,0.7585757517147304,0.7758277599243414,1.0,0.0,-0.016347956093472248
2.533333333333333,5.271776928502739,0.0,5.271776928502739,0.0,0.0,0.0,-7.6567982553152385,0.0,38.44455211291843,0.0,0.0,0.0,0.0,-0.0,-0.0,-9000.0,0.0,1.0,0.0,0.7585854090297528,0.7758090005479045,1.0,0.0,-0.016346952870484197
2.55,5.1441684169810875,0.0,5.1441684169810875,0.0,0.0,0.0,-7.656339552723903,0.0,38.53108579647435,0.0,0.0,0.0,0.0,-0.0,-0.0,-9000.0,0.0,1.0,0.0,0.7585948377516394,0.7757906865506237,1.0,0.0,-0.016345973559107288
2.5666666666666664,5.016567433860149,0.0,5.016567433860149,0.0,0.0,0.0,-7.655892047478969,0.0,38.61549275016874,0.0,0.0,0.0,0.0,-0.0,-0.0,-9000.0,0.0,1.0,0.0,0.7586040379185227,0.775772817762295,1.0,0.0,-0.016345018153609545
2.5833333333333335,4.888973792544849,0.0,4.888973792544849,0.0,0.0,0.0,-7.65545573696125,0.0,38.69777309753119,0.0,0.0,0.0,0.0,-0.0,-0.0,-9000.0,0.0,1.0,0.0,0.7586130095676124,0.7757553940168745,1.0,0.0,-0.016344086648399113
2.6,4.761387306483086,0.0,4.761387306483086,0.0,0.0,0.0,-7.655030618617148,0.0,38.77792695898183,0.0,0.0,0.0,0.0,-0.0,-0.0,-9000.0,0.0,1.0,0.0,0.7586217527351955,0.7757384151524749,1.0,0.0,-0.016343179038024166
2.6166666666666667,4.633807789164637,0.0,4.633807789164637,0.0,0.0,0.0,-7.654616689958622,0.0,38.855954451832005,0.0,0.0,0.0,0.0,-0.0,-0.0,-9000.0,0.0,1.0,0.0,0.758630267456637,0.7757218810113612,1.0,0.0,-0.016342295317172833
2.6333333333333333,4.5062350541200615,0.0,4.5062350541200615,0.0,0.0,0.0,-7.6542139485631635,0.0,38.931855690285,0.0,0.0,0.0,0.0,-0.0,-0.0,-9000.0,0.0,1.0,0.0,0.7586385537663798,0.7757057914399483,1.0,0.0,-0.01634143548067316
2.65,4.378668914919612,0.0,4.378668914919612,0.0,0.0,0.0,-7.653822392073762,0.0,39.00563078543668,0.0,0.0,0.0,0.0,-0.0,-0.0,-9000.0,0.0,1.0,0.0,0.7586466116979448,0.7756901462887977,1.0,0.0,-0.016340599523493024
2.6666666666666665,4.251109185172144,0.0,4.251109185172144,0.0,0.0,0.0,-7.653442018198873,0.0,39.077279845276166,0.0,0.0,0.0,0.0,-0.0,-0.0,-9000.0,0.0,1.0,0.0,0.7586544412839316,0.7756749454126127,1.0,0.0,-0.01633978744074007
2.683333333333333,4.1235556785240215,0.0,4.1235556785240215,0.0,0.0,0.0,-7.653072824712396,0.0,39.14680297468643,0.0,0.0,0.0,0.0,-0.0,-0.0,-9000.0,0.0,1.0,0.0,0.758662042556018,0.7756601886702369,1.0,0.0,-0.01633899922766167
2.7,3.9960082086580306,0.0,3.9960082086580306,0.0,0.0,0.0,-7.652714809453643,0.0,39.214200275444945,0.0,0.0,0.0,0.0,-0.0,-0.0,-9000.0,0.0,1.0,0.0,0.7586694155449611,0.7756458759246506,1.0,0.0,-0.016338234879644836
2.716666666666667,3.8684665892922876,0.0,3.8684665892922876,0.0,0.0,0.0,-7.652367970327309,0.0,39.27947184622427,0.0,0.0,0.0,0.0,-0.0,-0.0,-9000.0,0.0,1.0,0.0,0.7586765602805972,0.7756320070429672,1.0,0.0,-0.01633749439221618
2.7333333333333334,3.7409306341791484,0.0,3.7409306341791484,0.0,0.0,0.0,-7.652032305303456,0.0,39.34261778259262,0.0,0.0,0.0,0.0,-0.0,-0.0,-9000.0,0.0,1.0,0.0,0.758683476791841,0.7756185818964314,1.0,0.0,-0.01633677776104186
2.75,3.613400157104122,0.0,3.613400157104122,0.0,0.0,0.0,-7.651707812417471,0.0,39.403638177014436,0.0,0.0,0.0,0.0,-0.0,-0.0,-9000.0,0.0,1.0,0.0,0.758690165106688,0.775605600360415,1.0,0.0,-0.016336084981927523
2.7666666666666666,3.48587497188478,0.0,3.48587497188478,0.0,0.0,0.0,-7.651394489770059,0.0,39.46253311885091,0.0,0.0,0.0,0.0,-0.0,-0.0,-9000.0,0.0,1.0,0.0,0.758696625252212,0.7755930623144159,1.0,0.0,-0.01633541605081824
2.783333333333333,3.3583548923696687,0.0,3.3583548923696687,0.0,0.0,0.0,-7.6510923355272125,0.0,39.51930269436049,0.0,0.0,0.0,0.0,-0.0,-0.0,-9000.0,0.0,1.0,0.0,0.7587028572545679,0.7755809676420539,1.0,0.0,-0.016334770963798477
2.8,3.230839732437221,0.0,3.230839732437221,0.0,0.0,0.0,-7.650801347920181,0.0,39.573946986699475,0.0,0.0,0.0,0.0,-0.0,-0.0,-9000.0,0.0,1.0,0.0,0.7587088611389898,0.7755693162310687,1.0,0.0,-0.01633414971709203
2.8166666666666664,3.1033293059946696,0.0,3.1033293059946696,0.0,0.0,0.0,-7.650521525245461,0.0,39.626466075922394,0.0,0.0,0.0,0.0,-0.0,-0.0,-9000.0,0.0,1.0,0.0,0.7587146369297925,0.7755581079733181,1.0,0.0,-0.016333552307061988
2.8333333333333335,2.97582342697696,0.0,2.97582342697696,0.0,0.0,0.0,-7.650252865864769,0.0,39.67686003898254,0.0,0.0,0.0,0.0,-0.0,-0.0,-9000.0,0.0,1.0,0.0,0.7587201846503708,0.7755473427647748,1.0,0.0,-0.01633297873021068
2.85,2.8483219093456627,0.0,2.8483219093456627,0.0,0.0,0.0,-7.649995368205024,0.0,39.72512894973238,0.0,0.0,0.0,0.0,-0.0,-0.0,-9000.0,0.0,1.0,0.0,0.7587255043232005,0.7755370205055243,1.0,0.0,-0.01633242898317964
2.8666666666666667,2.720824567087888,0.0,2.720824567087888,0.0,0.0,0.0,-7.649749030758321,0.0,39.77127287892403,0.0,0.0,0.0,0.0,-0.0,-0.0,-9000.0,0.0,1.0,0.0,0.7587305959698377,0.775527141099763,1.0,0.0,-0.01633190306274956
2.8833333333333333,2.593331214215198,0.0,2.593331214215198,0.0,0.0,0.0,-7.6495138520819195,0.0,39.815291894209636,0.0,0.0,0.0,0.0,-0.0,-0.0,-9000.0,0.0,1.0,0.0,0.7587354596109198,0.7755177044557958,1.0,0.0,-0.01633140096584024
2.9,2.465841664762523,0.0,2.465841664762523,0.0,0.0,0.0,-7.649289830798226,0.0,39.857186060141785,0.0,0.0,0.0,0.0,-0.0,-0.0,-9000.0,0.0,1.0,0.0,0.7587400952661649,0.7755087104860344,1.0,0.0,-0.01633092268951058
2.9166666666666665,2.3383557327870736,0.0,2.3383557327870736,0.0,0.0,0.0,-7.649076965594771,0.0,39.896955438173876,0.0,0.0,0.0,0.0,-0.0,-0.0,-9000.0,0.0,1.0,0.0,0.7587445029543723,0.7755001591069951,1.0,0.0,-0.016330468230958503
2.933333333333333,2.2108732323672577,0.0,2.2108732323672577,0.0,0.0,0.0,-7.648875255224195,0.0,39.93460008666048,0.0,0.0,0.0,0.0,-0.0,-0.0,-9000.0,0.0,1.0,0.0,0.7587486826934225,0.7754920502392976,1.0,0.0,-0.01633003758752095
2.95,2.083393977601594,0.0,2.083393977601594,0.0,0.0,0.0,-7.648684698504236,0.0,39.9701200608577,0.0,0.0,0.0,0.0,-0.0,-0.0,-9000.0,0.0,1.0,0.0,0.7587526345002776,0.7754843838076619,1.0,0.0,-0.016329630756673846
2.966666666666667,1.9559177826076268,0.0,1.9559177826076268,0.0,0.0,0.0,-7.6485052943177125,0.0,40.00351541292348,0.0,0.0,0.0,0.0,-0.0,-0.0,-9000.0,0.0,1.0,0.0,0.7587563583909812,0.7754771597409085,1.0,0.0,-0.01632924773603205
2.9833333333333334,1.828444461520844,0.0,1.828444461520844,0.0,0.0,0.0,-7.648337041612507,0.0,40.03478619191789,0.0,0.0,0.0,0.0,-0.0,-0.0,-9000.0,0.0,1.0,0.0,0.7587598543806583,0.7754703779719552,1.0,0.0,-0.016328888523349332
3.0,1.7009738284935896,0.0,1.7009738284935896,0.0,0.0,0.0,-7.648179939401558,0.0,40.063932443803445,0.0,0.0,0.0,0.0,-0.0,-0.0,-9000.0,0.0,1.0,0.0,0.7587631224835159,0.7754640384378164,1.0,0.0,-0.016328553116518357
3.0166666666666666,1.573505697693982,0.0,1.573505697693982,0.0,0.0,0.0,-7.6480339867628455,0.0,40.09095421144538,0.0,0.0,0.0,0.0,-0.0,-0.0,-9000.0,0.0,1.0,0.0,0.7587661627128426,0.7754581410796024,1.0,0.0,-0.016328241513570648
3.033333333333333,1.4460398833048294,0.0,1.4460398833048294,0.0,0.0,0.0,-7.647899182839376,0.0,40.11585153461186,0.0,0.0,0.0,0.0,-0.0,-0.0,-9000.0,0.0,1.0,0.0,0.7587689750810092,0.7754526858425165,1.0,0.0,-0.016327953712676563
3.05,1.3185761995225447,0.0,1.3185761995225447,0.0,0.0,0.0,-7.6477755268391805,0.0,40.13862444997428,0.0,0.0,0.0,0.0,-0.0,-0.0,-9000.0,0.0,1.0,0.0,0.7587715595994682,0.775447672675855,1.0,0.0,-0.016327689712145276
3.0666666666666664,1.1911144605560642,0.0,1.1911144605560642,0.0,0.0,0.0,-7.647663018035294,0.0,40.15927299110739,0.0,0.0,0.0,0.0,-0.0,-0.0,-9000.0,0.0,1.0,0.0,0.7587739162787545,0.775443101533006,1.0,0.0,-0.016327449510424752
3.0833333333333335,1.0636544806257626,0.0,1.0636544806257626,0.0,0.0,0.0,-7.647561655765756,0.0,40.17779718848959,0.0,0.0,0.0,0.0,-0.0,-0.0,-9000.0,0.0,1.0,0.0,0.758776045128485,0.7754389723714478,1.0,0.0,-0.016327233106101725
3.1,0.9361960739623707,0.0,0.9361960739623707,0.0,0.0,0.0,-7.64747143943359,0.0,40.194197069503026,0.0,0.0,0.0,0.0,-0.0,-0.0,-9000.0,0.0,1.0,0.0,0.7587779461573589,0.7754352851527484,1.0,0.0,-0.016327040497901683
3.1166666666666667,0.8087390548058918,0.0,0.8087390548058918,0.0,0.0,0.0,-7.647392368506815,0.0,40.208472658433806,0.0,0.0,0.0,0.0,-0.0,-0.0,-9000.0,0.0,1.0,0.0,0.7587796193731577,0.7754320398425648,1.0,0.0,-0.016326871684688857
3.1333333333333333,0.6812832374045185,0.0,0.6812832374045185,0.0,0.0,0.0,-7.64732444251842,0.0,40.22062397647212,0.0,0.0,0.0,0.0,-0.0,-0.0,-9000.0,0.0,1.0,0.0,0.7587810647827451,0.7754292364106421,1.0,0.0,-0.016326726665466206
3.15,0.5538284360135504,0.0,0.5538284360135504,0.0,0.0,0.0,-7.647267661066371,0.0,40.23065104171237,0.0,0.0,0.0,0.0,-0.0,-0.0,-9000.0,0.0,1.0,0.0,0.7587822823920676,0.7754268748308124,1.0,0.0,-0.016326605439375405
3.1666666666666665,0.4263744648943107,0.0,0.4263744648943107,0.0,0.0,0.0,-7.647222023813592,0.0,40.238553869153286,0.0,0.0,0.0,0.0,-0.0,-0.0,-9000.0,0.0,1.0,0.0,0.7587832722061536,0.775424955080995,1.0,0.0,-0.016326508005696804
3.183333333333333,0.298921138313064,0.0,0.298921138313064,0.0,0.0,0.0,-7.647187530487983,0.0,40.24433247069798,0.0,0.0,0.0,0.0,-0.0,-0.0,-9000.0,0.0,1.0,0.0,0.7587840342291144,0.7754234771431952,1.0,0.0,-0.016326434363849486
3.2,0.17146827053993316,0.0,0.17146827053993316,0.0,0.0,0.0,-7.647164180882392,0.0,40.24798685515407,0.0,0.0,0.0,0.0,-0.0,-0.0,-9000.0,0.0,1.0,0.0,0.7587845684641435,0.7754224410035047,1.0,0.0,-0.016326384513391183
3.216666666666667,0.0,0.0,0.0,0.0,0.0,0.0,0.0,0.0,40.24901746787985,0.0,0.0,0.0,0.0,0.0,0.0,0.0,0.0,1.0,0.0,0.0,0.0,1.0,0.0,0.0
3.2333333333333334,0.0,0.0,0.0,0.0,0.0,0.0,0.0,0.0,40.24901746787985,0.0,0.0,0.0,0.0,0.0,0.0,0.0,0.0,1.0,0.0,0.0,0.0,1.0,0.0,0.0
3.25,0.0,0.0,0.0,0.0,0.0,0.0,0.0,0.0,40.24901746787985,0.0,0.0,0.0,0.0,0.0,0.0,0.0,0.0,1.0,0.0,0.0,0.0,1.0,0.0,0.0
3.2666666666666666,0.0,0.0,0.0,0.0,0.0,0.0,0.0,0.0,40.24901746787985,0.0,0.0,0.0,0.0,0.0,0.0,0.0,0.0,1.0,0.0,0.0,0.0,1.0,0.0,0.0
3.283333333333333,0.0,0.0,0.0,0.0,0.0,0.0,0.0,0.0,40.24901746787985,0.0,0.0,0.0,0.0,0.0,0.0,0.0,0.0,1.0,0.0,0.0,0.0,1.0,0.0,0.0
3.3,0.0,0.0,0.0,0.0,0.0,0.0,0.0,0.0,40.24901746787985,0.0,0.0,0.0,0.0,0.0,0.0,0.0,0.0,1.0,0.0,0.0,0.0,1.0,0.0,0.0
3.3166666666666664,0.0,0.0,0.0,0.0,0.0,0.0,0.0,0.0,40.24901746787985,0.0,0.0,0.0,0.0,0.0,0.0,0.0,0.0,1.0,0.0,0.0,0.0,1.0,0.0,0.0
3.3333333333333335,0.0,0.0,0.0,0.0,0.0,0.0,0.0,0.0,40.24901746787985,0.0,0.0,0.0,0.0,0.0,0.0,0.0,0.0,1.0,0.0,0.0,0.0,1.0,0.0,0.0
3.35,0.0,0.0,0.0,0.0,0.0,0.0,0.0,0.0,40.24901746787985,0.0,0.0,0.0,0.0,0.0,0.0,0.0,0.0,1.0,0.0,0.0,0.0,1.0,0.0,0.0
3.3666666666666667,0.0,0.0,0.0,0.0,0.0,0.0,0.0,0.0,40.24901746787985,0.0,0.0,0.0,0.0,0.0,0.0,0.0,0.0,1.0,0.0,0.0,0.0,1.0,0.0,0.0
3.3833333333333333,0.0,0.0,0.0,0.0,0.0,0.0,0.0,0.0,40.24901746787985,0.0,0.0,0.0,0.0,0.0,0.0,0.0,0.0,1.0,0.0,0.0,0.0,1.0,0.0,0.0
3.4,0.0,0.0,0.0,0.0,0.0,0.0,0.0,0.0,40.24901746787985,0.0,0.0,0.0,0.0,0.0,0.0,0.0,0.0,1.0,0.0,0.0,0.0,1.0,0.0,0.0
3.4166666666666665,0.0,0.0,0.0,0.0,0.0,0.0,0.0,0.0,40.24901746787985,0.0,0.0,0.0,0.0,0.0,0.0,0.0,0.0,1.0,0.0,0.0,0.0,1.0,0.0,0.0
3.433333333333333,0.0,0.0,0.0,0.0,0.0,0.0,0.0,0.0,40.24901746787985,0.0,0.0,0.0,0.0,0.0,0.0,0.0,0.0,1.0,0.0,0.0,0.0,1.0,0.0,0.0
3.4499999999999997,0.0,0.0,0.0,0.0,0.0,0.0,0.0,0.0,40.24901746787985,0.0,0.0,0.0,0.0,0.0,0.0,0.0,0.0,1.0,0.0,0.0,0.0,1.0,0.0,0.0
3.466666666666667,0.0,0.0,0.0,0.0,0.0,0.0,0.0,0.0,40.24901746787985,0.0,0.0,0.0,0.0,0.0,0.0,0.0,0.0,1.0,0.0,0.0,0.0,1.0,0.0,0.0
3.4833333333333334,0.0,0.0,0.0,0.0,0.0,0.0,0.0,0.0,40.24901746787985,0.0,0.0,0.0,0.0,0.0,0.0,0.0,0.0,1.0,0.0,0.0,0.0,1.0,0.0,0.0
3.5,0.0,0.0,0.0,0.0,0.0,0.0,0.0,0.0,40.24901746787985,0.0,0.0,0.0,0.0,0.0,0.0,0.0,0.0,1.0,0.0,0.0,0.0,1.0,0.0,0.0
3.5166666666666666,0.0,0.0,0.0,0.0,0.0,0.0,0.0,0.0,40.24901746787985,0.0,0.0,0.0,0.0,0.0,0.0,0.0,0.0,1.0,0.0,0.0,0.0,1.0,0.0,0.0
3.533333333333333,0.0,0.0,0.0,0.0,0.0,0.0,0.0,0.0,40.24901746787985,0.0,0.0,0.0,0.0,0.0,0.0,0.0,0.0,1.0,0.0,0.0,0.0,1.0,0.0,0.0
3.55,0.0,0.0,0.0,0.0,0.0,0.0,0.0,0.0,40.24901746787985,0.0,0.0,0.0,0.0,0.0,0.0,0.0,0.0,1.0,0.0,0.0,0.0,1.0,0.0,0.0
3.5666666666666664,0.0,0.0,0.0,0.0,0.0,0.0,0.0,0.0,40.24901746787985,0.0,0.0,0.0,0.0,0.0,0.0,0.0,0.0,1.0,0.0,0.0,0.0,1.0,0.0,0.0
3.5833333333333335,0.0,0.0,0.0,0.0,0.0,0.0,0.0,0.0,40.24901746787985,0.0,0.0,0.0,0.0,0.0,0.0,0.0,0.0,1.0,0.0,0.0,0.0,1.0,0.0,0.0
3.6,0.0,0.0,0.0,0.0,0.0,0.0,0.0,0.0,40.24901746787985,0.0,0.0,0.0,0.0,0.0,0.0,0.0,0.0,1.0,0.0,0.0,0.0,1.0,0.0,0.0
3.6166666666666667,0.0,0.0,0.0,0.0,0.0,0.0,0.0,0.0,40.24901746787985,0.0,0.0,0.0,0.0,0.0,0.0,0.0,0.0,1.0,0.0,0.0,0.0,1.0,0.0,0.0
3.6333333333333333,0.0,0.0,0.0,0.0,0.0,0.0,0.0,0.0,40.24901746787985,0.0,0.0,0.0,0.0,0.0,0.0,0.0,0.0,1.0,0.0,0.0,0.0,1.0,0.0,0.0
3.65,0.0,0.0,0.0,0.0,0.0,0.0,0.0,0.0,40.24901746787985,0.0,0.0,0.0,0.0,0.0,0.0,0.0,0.0,1.0,0.0,0.0,0.0,1.0,0.0,0.0
3.6666666666666665,0.0,0.0,0.0,0.0,0.0,0.0,0.0,0.0,40.24901746787985,0.0,0.0,0.0,0.0,0.0,0.0,0.0,0.0,1.0,0.0,0.0,0.0,1.0,0.0,0.0
3.683333333333333,0.0,0.0,0.0,0.0,0.0,0.0,0.0,0.0,40.24901746787985,0.0,0.0,0.0,0.0,0.0,0.0,0.0,0.0,1.0,0.0,0.0,0.0,1.0,0.0,0.0
3.6999999999999997,0.0,0.0,0.0,0.0,0.0,0.0,0.0,0.0,40.24901746787985,0.0,0.0,0.0,0.0,0.0,0.0,0.0,0.0,1.0,0.0,0.0,0.0,1.0,0.0,0.0
3.716666666666667,0.0,0.0,0.0,0.0,0.0,0.0,0.0,0.0,40.24901746787985,0.0,0.0,0.0,0.0,0.0,0.0,0.0,0.0,1.0,0.0,0.0,0.0,1.0,0.0,0.0
3.7333333333333334,0.0,0.0,0.0,0.0,0.0,0.0,0.0,0.0,40.24901746787985,0.0,0.0,0.0,0.0,0.0,0.0,0.0,0.0,1.0,0.0,0.0,0.0,1.0,0.0,0.0
3.75,0.0,0.0,0.0,0.0,0.0,0.0,0.0,0.0,40.24901746787985,0.0,0.0,0.0,0.0,0.0,0.0,0.0,0.0,1.0,0.0,0.0,0.0,1.0,0.0,0.0
3.7666666666666666,0.0,0.0,0.0,0.0,0.0,0.0,0.0,0.0,40.24901746787985,0.0,0.0,0.0,0.0,0.0,0.0,0.0,0.0,1.0,0.0,0.0,0.0,1.0,0.0,0.0
3.783333333333333,0.0,0.0,0.0,0.0,0.0,0.0,0.0,0.0,40.24901746787985,0.0,0.0,0.0,0.0,0.0,0.0,0.0,0.0,1.0,0.0,0.0,0.0,1.0,0.0,0.0
3.8,0.0,0.0,0.0,0.0,0.0,0.0,0.0,0.0,40.24901746787985,0.0,0.0,0.0,0.0,0.0,0.0,0.0,0.0,1.0,0.0,0.0,0.0,1.0,0.0,0.0
3.8166666666666664,0.0,0.0,0.0,0.0,0.0,0.0,0.0,0.0,40.24901746787985,0.0,0.0,0.0,0.0,0.0,0.0,0.0,0.0,1.0,0.0,0.0,0.0,1.0,0.0,0.0
3.8333333333333335,0.0,0.0,0.0,0.0,0.0,0.0,0.0,0.0,40.24901746787985,0.0,0.0,0.0,0.0,0.0,0.0,0.0,0.0,1.0,0.0,0.0,0.0,1.0,0.0,0.0
3.85,0.0,0.0,0.0,0.0,0.0,0.0,0.0,0.0,40.24901746787985,0.0,0.0,0.0,0.0,0.0,0.0,0.0,0.0,1.0,0.0,0.0,0.0,1.0,0.0,0.0
3.8666666666666667,0.0,0.0,0.0,0.0,0.0,0.0,0.0,0.0,40.24901746787985,0.0,0.0,0.0,0.0,0.0,0.0,0.0,0.0,1.0,0.0,0.0,0.0,1.0,0.0,0.0
3.8833333333333333,0.0,0.0,0.0,0.0,0.0,0.0,0.0,0.0,40.24901746787985,0.0,0.0,0.0,0.0,0.0,0.0,0.0,0.0,1.0,0.0,0.0,0.0,1.0,0.0,0.0
3.9,0.0,0.0,0.0,0.0,0.0,0.0,0.0,0.0,40.24901746787985,0.0,0.0,0.0,0.0,0.0,0.0,0.0,0.0,1.0,0.0,0.0,0.0,1.0,0.0,0.0
3.9166666666666665,0.0,0.0,0.0,0.0,0.0,0.0,0.0,0.0,40.24901746787985,0.0,0.0,0.0,0.0,0.0,0.0,0.0,0.0,1.0,0.0,0.0,0.0,1.0,0.0,0.0
3.933333333333333,0.0,0.0,0.0,0.0,0.0,0.0,0.0,0.0,40.24901746787985,0.0,0.0,0.0,0.0,0.0,0.0,0.0,0.0,1.0,0.0,0.0,0.0,1.0,0.0,0.0
3.9499999999999997,0.0,0.0,0.0,0.0,0.0,0.0,0.0,0.0,40.24901746787985,0.0,0.0,0.0,0.0,0.0,0.0,0.0,0.0,1.0,0.0,0.0,0.0,1.0,0.0,0.0
3.966666666666667,0.0,0.0,0.0,0.0,0.0,0.0,0.0,0.0,40.24901746787985,0.0,0.0,0.0,0.0,0.0,0.0,0.0,0.0,1.0,0.0,0.0,0.0,1.0,0.0,0.0
3.9833333333333334,0.0,0.0,0.0,0.0,0.0,0.0,0.0,0.0,40.24901746787985,0.0,0.0,0.0,0.0,0.0,0.0,0.0,0.0,1.0,0.0,0.0,0.0,1.0,0.0,0.0
4.0,0.0,0.0,0.0,0.0,0.0,0.0,0.0,0.0,40.24901746787985,0.0,0.0,0.0,0.0,0.0,0.0,0.0,0.0,1.0,0.0,0.0,0.0,1.0,0.0,0.0
4.016666666666667,0.0,0.0,0.0,0.0,0.0,0.0,0.0,0.0,40.24901746787985,0.0,0.0,0.0,0.0,0.0,0.0,0.0,0.0,1.0,0.0,0.0,0.0,1.0,0.0,0.0
4.033333333333333,0.0,0.0,0.0,0.0,0.0,0.0,0.0,0.0,40.24901746787985,0.0,0.0,0.0,0.0,0.0,0.0,0.0,0.0,1.0,0.0,0.0,0.0,1.0,0.0,0.0
4.05,0.0,0.0,0.0,0.0,0.0,0.0,0.0,0.0,40.24901746787985,0.0,0.0,0.0,0.0,0.0,0.0,0.0,0.0,1.0,0.0,0.0,0.0,1.0,0.0,0.0
4.066666666666666,0.0,0.0,0.0,0.0,0.0,0.0,0.0,0.0,40.24901746787985,0.0,0.0,0.0,0.0,0.0,0.0,0.0,0.0,1.0,0.0,0.0,0.0,1.0,0.0,0.0
4.083333333333333,0.0,0.0,0.0,0.0,0.0,0.0,0.0,0.0,40.24901746787985,0.0,0.0,0.0,0.0,0.0,0.0,0.0,0.0,1.0,0.0,0.0,0.0,1.0,0.0,0.0
4.1,0.0,0.0,0.0,0.0,0.0,0.0,0.0,0.0,40.24901746787985,0.0,0.0,0.0,0.0,0.0,0.0,0.0,0.0,1.0,0.0,0.0,0.0,1.0,0.0,0.0
4.116666666666666,0.0,0.0,0.0,0.0,0.0,0.0,0.0,0.0,40.24901746787985,0.0,0.0,0.0,0.0,0.0,0.0,0.0,0.0,1.0,0.0,0.0,0.0,1.0,0.0,0.0
4.133333333333333,0.0,0.0,0.0,0.0,0.0,0.0,0.0,0.0,40.24901746787985,0.0,0.0,0.0,0.0,0.0,0.0,0.0,0.0,1.0,0.0,0.0,0.0,1.0,0.0,0.0
4.15,0.0,0.0,0.0,0.0,0.0,0.0,0.0,0.0,40.24901746787985,0.0,0.0,0.0,0.0,0.0,0.0,0.0,0.0,1.0,0.0,0.0,0.0,1.0,0.0,0.0
4.166666666666667,0.0,0.0,0.0,0.0,0.0,0.0,0.0,0.0,40.24901746787985,0.0,0.0,0.0,0.0,0.0,0.0,0.0,0.0,1.0,0.0,0.0,0.0,1.0,0.0,0.0
4.183333333333334,0.0,0.0,0.0,0.0,0.0,0.0,0.0,0.0,40.24901746787985,0.0,0.0,0.0,0.0,0.0,0.0,0.0,0.0,1.0,0.0,0.0,0.0,1.0,0.0,0.0
4.2,0.0,0.0,0.0,0.0,0.0,0.0,0.0,0.0,40.24901746787985,0.0,0.0,0.0,0.0,0.0,0.0,0.0,0.0,1.0,0.0,0.0,0.0,1.0,0.0,0.0
4.216666666666667,0.0,0.0,0.0,0.0,0.0,0.0,0.0,0.0,40.24901746787985,0.0,0.0,0.0,0.0,0.0,0.0,0.0,0.0,1.0,0.0,0.0,0.0,1.0,0.0,0.0
4.233333333333333,0.0,0.0,0.0,0.0,0.0,0.0,0.0,0.0,40.24901746787985,0.0,0.0,0.0,0.0,0.0,0.0,0.0,0.0,1.0,0.0,0.0,0.0,1.0,0.0,0.0
4.25,0.0,0.0,0.0,0.0,0.0,0.0,0.0,0.0,40.24901746787985,0.0,0.0,0.0,0.0,0.0,0.0,0.0,0.0,1.0,0.0,0.0,0.0,1.0,0.0,0.0
4.266666666666667,0.0,0.0,0.0,0.0,0.0,0.0,0.0,0.0,40.24901746787985,0.0,0.0,0.0,0.0,0.0,0.0,0.0,0.0,1.0,0.0,0.0,0.0,1.0,0.0,0.0
4.283333333333333,0.0,0.0,0.0,0.0,0.0,0.0,0.0,0.0,40.24901746787985,0.0,0.0,0.0,0.0,0.0,0.0,0.0,0.0,1.0,0.0,0.0,0.0,1.0,0.0,0.0
4.3,0.0,0.0,0.0,0.0,0.0,0.0,0.0,0.0,40.24901746787985,0.0,0.0,0.0,0.0,0.0,0.0,0.0,0.0,1.0,0.0,0.0,0.0,1.0,0.0,0.0
4.316666666666666,0.0,0.0,0.0,0.0,0.0,0.0,0.0,0.0,40.24901746787985,0.0,0.0,0.0,0.0,0.0,0.0,0.0,0.0,1.0,0.0,0.0,0.0,1.0,0.0,0.0
4.333333333333333,0.0,0.0,0.0,0.0,0.0,0.0,0.0,0.0,40.24901746787985,0.0,0.0,0.0,0.0,0.0,0.0,0.0,0.0,1.0,0.0,0.0,0.0,1.0,0.0,0.0
4.35,0.0,0.0,0.0,0.0,0.0,0.0,0.0,0.0,40.24901746787985,0.0,0.0,0.0,0.0,0.0,0.0,0.0,0.0,1.0,0.0,0.0,0.0,1.0,0.0,0.0
4.366666666666666,0.0,0.0,0.0,0.0,0.0,0.0,0.0,0.0,40.24901746787985,0.0,0.0,0.0,0.0,0.0,0.0,0.0,0.0,1.0,0.0,0.0,0.0,1.0,0.0,0.0
4.383333333333333,0.0,0.0,0.0,0.0,0.0,0.0,0.0,0.0,40.24901746787985,0.0,0.0,0.0,0.0,0.0,0.0,0.0,0.0,1.0,0.0,0.0,0.0,1.0,0.0,0.0
4.4,0.0,0.0,0.0,0.0,0.0,0.0,0.0,0.0,40.24901746787985,0.0,0.0,0.0,0.0,0.0,0.0,0.0,0.0,1.0,0.0,0.0,0.0,1.0,0.0,0.0
4.416666666666667,0.0,0.0,0.0,0.0,0.0,0.0,0.0,0.0,40.24901746787985,0.0,0.0,0.0,0.0,0.0,0.0,0.0,0.0,1.0,0.0,0.0,0.0,1.0,0.0,0.0
4.433333333333334,0.0,0.0,0.0,0.0,0.0,0.0,0.0,0.0,40.24901746787985,0.0,0.0,0.0,0.0,0.0,0.0,0.0,0.0,1.0,0.0,0.0,0.0,1.0,0.0,0.0
4.45,0.0,0.0,0.0,0.0,0.0,0.0,0.0,0.0,40.24901746787985,0.0,0.0,0.0,0.0,0.0,0.0,0.0,0.0,1.0,0.0,0.0,0.0,1.0,0.0,0.0
4.466666666666667,0.0,0.0,0.0,0.0,0.0,0.0,0.0,0.0,40.24901746787985,0.0,0.0,0.0,0.0,0.0,0.0,0.0,0.0,1.0,0.0,0.0,0.0,1.0,0.0,0.0
4.483333333333333,0.0,0.0,0.0,0.0,0.0,0.0,0.0,0.0,40.24901746787985,0.0,0.0,0.0,0.0,0.0,0.0,0.0,0.0,1.0,0.0,0.0,0.0,1.0,0.0,0.0
4.5,0.0,0.0,0.0,0.0,0.0,0.0,0.0,0.0,40.24901746787985,0.0,0.0,0.0,0.0,0.0,0.0,0.0,0.0,1.0,0.0,0.0,0.0,1.0,0.0,0.0
4.516666666666667,0.0,0.0,0.0,0.0,0.0,0.0,0.0,0.0,40.24901746787985,0.0,0.0,0.0,0.0,0.0,0.0,0.0,0.0,1.0,0.0,0.0,0.0,1.0,0.0,0.0
4.533333333333333,0.0,0.0,0.0,0.0,0.0,0.0,0.0,0.0,40.24901746787985,0.0,0.0,0.0,0.0,0.0,0.0,0.0,0.0,1.0,0.0,0.0,0.0,1.0,0.0,0.0
4.55,0.0,0.0,0.0,0.0,0.0,0.0,0.0,0.0,40.24901746787985,0.0,0.0,0.0,0.0,0.0,0.0,0.0,0.0,1.0,0.0,0.0,0.0,1.0,0.0,0.0
4.566666666666666,0.0,0.0,0.0,0.0,0.0,0.0,0.0,0.0,40.24901746787985,0.0,0.0,0.0,0.0,0.0,0.0,0.0,0.0,1.0,0.0,0.0,0.0,1.0,0.0,0.0
4.583333333333333,0.0,0.0,0.0,0.0,0.0,0.0,0.0,0.0,40.24901746787985,0.0,0.0,0.0,0.0,0.0,0.0,0.0,0.0,1.0,0.0,0.0,0.0,1.0,0.0,0.0
4.6,0.0,0.0,0.0,0.0,0.0,0.0,0.0,0.0,40.24901746787985,0.0,0.0,0.0,0.0,0.0,0.0,0.0,0.0,1.0,0.0,0.0,0.0,1.0,0.0,0.0
4.616666666666666,0.0,0.0,0.0,0.0,0.0,0.0,0.0,0.0,40.24901746787985,0.0,0.0,0.0,0.0,0.0,0.0,0.0,0.0,1.0,0.0,0.0,0.0,1.0,0.0,0.0
4.633333333333333,0.0,0.0,0.0,0.0,0.0,0.0,0.0,0.0,40.24901746787985,0.0,0.0,0.0,0.0,0.0,0.0,0.0,0.0,1.0,0.0,0.0,0.0,1.0,0.0,0.0
4.65,0.0,0.0,0.0,0.0,0.0,0.0,0.0,0.0,40.24901746787985,0.0,0.0,0.0,0.0,0.0,0.0,0.0,0.0,1.0,0.0,0.0,0.0,1.0,0.0,0.0
4.666666666666667,0.0,0.0,0.0,0.0,0.0,0.0,0.0,0.0,40.24901746787985,0.0,0.0,0.0,0.0,0.0,0.0,0.0,0.0,1.0,0.0,0.0,0.0,1.0,0.0,0.0
4.683333333333334,0.0,0.0,0.0,0.0,0.0,0.0,0.0,0.0,40.24901746787985,0.0,0.0,0.0,0.0,0.0,0.0,0.0,0.0,1.0,0.0,0.0,0.0,1.0,0.0,0.0
4.7,0.0,0.0,0.0,0.0,0.0,0.0,0.0,0.0,40.24901746787985,0.0,0.0,0.0,0.0,0.0,0.0,0.0,0.0,1.0,0.0,0.0,0.0,1.0,0.0,0.0
4.716666666666667,0.0,0.0,0.0,0.0,0.0,0.0,0.0,0.0,40.24901746787985,0.0,0.0,0.0,0.0,0.0,0.0,0.0,0.0,1.0,0.0,0.0,0.0,1.0,0.0,0.0
4.733333333333333,0.0,0.0,0.0,0.0,0.0,0.0,0.0,0.0,40.24901746787985,0.0,0.0,0.0,0.0,0.0,0.0,0.0,0.0,1.0,0.0,0.0,0.0,1.0,0.0,0.0
4.75,0.0,0.0,0.0,0.0,0.0,0.0,0.0,0.0,40.24901746787985,0.0,0.0,0.0,0.0,0.0,0.0,0.0,0.0,1.0,0.0,0.0,0.0,1.0,0.0,0.0
4.766666666666667,0.0,0.0,0.0,0.0,0.0,0.0,0.0,0.0,40.24901746787985,0.0,0.0,0.0,0.0,0.0,0.0,0.0,0.0,1.0,0.0,0.0,0.0,1.0,0.0,0.0
4.783333333333333,0.0,0.0,0.0,0.0,0.0,0.0,0.0,0.0,40.24901746787985,0.0,0.0,0.0,0.0,0.0,0.0,0.0,0.0,1.0,0.0,0.0,0.0,1.0,0.0,0.0
4.8,0.0,0.0,0.0,0.0,0.0,0.0,0.0,0.0,40.24901746787985,0.0,0.0,0.0,0.0,0.0,0.0,0.0,0.0,1.0,0.0,0.0,0.0,1.0,0.0,0.0
4.816666666666666,0.0,0.0,0.0,0.0,0.0,0.0,0.0,0.0,40.24901746787985,0.0,0.0,0.0,0.0,0.0,0.0,0.0,0.0,1.0,0.0,0.0,0.0,1.0,0.0,0.0
4.833333333333333,0.0,0.0,0.0,0.0,0.0,0.0,0.0,0.0,40.24901746787985,0.0,0.0,0.0,0.0,0.0,0.0,0.0,0.0,1.0,0.0,0.0,0.0,1.0,0.0,0.0
4.85,0.0,0.0,0.0,0.0,0.0,0.0,0.0,0.0,40.24901746787985,0.0,0.0,0.0,0.0,0.0,0.0,0.0,0.0,1.0,0.0,0.0,0.0,1.0,0.0,0.0
4.866666666666666,0.0,0.0,0.0,0.0,0.0,0.0,0.0,0.0,40.24901746787985,0.0,0.0,0.0,0.0,0.0,0.0,0.0,0.0,1.0,0.0,0.0,0.0,1.0,0.0,0.0
4.883333333333333,0.0,0.0,0.0,0.0,0.0,0.0,0.0,0.0,40.24901746787985,0.0,0.0,0.0,0.0,0.0,0.0,0.0,0.0,1.0,0.0,0.0,0.0,1.0,0.0,0.0
4.9,0.0,0.0,0.0,0.0,0.0,0.0,0.0,0.0,40.24901746787985,0.0,0.0,0.0,0.0,0.0,0.0,0.0,0.0,1.0,0.0,0.0,0.0,1.0,0.0,0.0
4.916666666666667,0.0,0.0,0.0,0.0,0.0,0.0,0.0,0.0,40.24901746787985,0.0,0.0,0.0,0.0,0.0,0.0,0.0,0.0,1.0,0.0,0.0,0.0,1.0,0.0,0.0
4.933333333333334,0.0,0.0,0.0,0.0,0.0,0.0,0.0,0.0,40.24901746787985,0.0,0.0,0.0,0.0,0.0,0.0,0.0,0.0,1.0,0.0,0.0,0.0,1.0,0.0,0.0
4.95,0.0,0.0,0.0,0.0,0.0,0.0,0.0,0.0,40.24901746787985,0.0,0.0,0.0,0.0,0.0,0.0,0.0,0.0,1.0,0.0,0.0,0.0,1.0,0.0,0.0
4.966666666666667,0.0,0.0,0.0,0.0,0.0,0.0,0.0,0.0,40.24901746787985,0.0,0.0,0.0,0.0,0.0,0.0,0.0,0.0,1.0,0.0,0.0,0.0,1.0,0.0,0.0
4.983333333333333,0.0,0.0,0.0,0.0,0.0,0.0,0.0,0.0,40.24901746787985,0.0,0.0,0.0,0.0,0.0,0.0,0.0,0.0,1.0,0.0,0.0,0.0,1.0,0.0,0.0
5.0,0.0,0.0,0.0,0.0,0.0,0.0,0.0,0.0,40.24901746787985,0.0,0.0,0.0,0.0,0.0,0.0,0.0,0.0,1.0,0.0,0.0,0.0,1.0,0.0,0.0
5.016666666666667,0.0,0.0,0.0,0.0,0.0,0.0,0.0,0.0,40.24901746787985,0.0,0.0,0.0,0.0,0.0,0.0,0.0,0.0,1.0,0.0,0.0,0.0,1.0,0.0,0.0
5.033333333333333,0.0,0.0,0.0,0.0,0.0,0.0,0.0,0.0,40.24901746787985,0.0,0.0,0.0,0.0,0.0,0.0,0.0,0.0,1.0,0.0,0.0,0.0,1.0,0.0,0.0
5.05,0.0,0.0,0.0,0.0,0.0,0.0,0.0,0.0,40.24901746787985,0.0,0.0,0.0,0.0,0.0,0.0,0.0,0.0,1.0,0.0,0.0,0.0,1.0,0.0,0.0
5.066666666666666,0.0,0.0,0.0,0.0,0.0,0.0,0.0,0.0,40.24901746787985,0.0,0.0,0.0,0.0,0.0,0.0,0.0,0.0,1.0,0.0,0.0,0.0,1.0,0.0,0.0
5.083333333333333,0.0,0.0,0.0,0.0,0.0,0.0,0.0,0.0,40.24901746787985,0.0,0.0,0.0,0.0,0.0,0.0,0.0,0.0,1.0,0.0,0.0,0.0,1.0,0.0,0.0
5.1,0.0,0.0,0.0,0.0,0.0,0.0,0.0,0.0,40.24901746787985,0.0,0.0,0.0,0.0,0.0,0.0,0.0,0.0,1.0,0.0,0.0,0.0,1.0,0.0,0.0
5.116666666666666,0.0,0.0,0.0,0.0,0.0,0.0,0.0,0.0,40.24901746787985,0.0,0.0,0.0,0.0,0.0,0.0,0.0,0.0,1.0,0.0,0.0,0.0,1.0,0.0,0.0
5.133333333333333,0.0,0.0,0.0,0.0,0.0,0.0,0.0,0.0,40.24901746787985,0.0,0.0,0.0,0.0,0.0,0.0,0.0,0.0,1.0,0.0,0.0,0.0,1.0,0.0,0.0
5.15,0.0,0.0,0.0,0.0,0.0,0.0,0.0,0.0,40.24901746787985,0.0,0.0,0.0,0.0,0.0,0.0,0.0,0.0,1.0,0.0,0.0,0.0,1.0,0.0,0.0
5.166666666666667,0.0,0.0,0.0,0.0,0.0,0.0,0.0,0.0,40.24901746787985,0.0,0.0,0.0,0.0,0.0,0.0,0.0,0.0,1.0,0.0,0.0,0.0,1.0,0.0,0.0
5.183333333333334,0.0,0.0,0.0,0.0,0.0,0.0,0.0,0.0,40.24901746787985,0.0,0.0,0.0,0.0,0.0,0.0,0.0,0.0,1.0,0.0,0.0,0.0,1.0,0.0,0.0
5.2,0.0,0.0,0.0,0.0,0.0,0.0,0.0,0.0,40.24901746787985,0.0,0.0,0.0,0.0,0.0,0.0,0.0,0.0,1.0,0.0,0.0,0.0,1.0,0.0,0.0
5.216666666666667,0.0,0.0,0.0,0.0,0.0,0.0,0.0,0.0,40.24901746787985,0.0,0.0,0.0,0.0,0.0,0.0,0.0,0.0,1.0,0.0,0.0,0.0,1.0,0.0,0.0
5.233333333333333,0.0,0.0,0.0,0.0,0.0,0.0,0.0,0.0,40.24901746787985,0.0,0.0,0.0,0.0,0.0,0.0,0.0,0.0,1.0,0.0,0.0,0.0,1.0,0.0,0.0
5.25,0.0,0.0,0.0,0.0,0.0,0.0,0.0,0.0,40.24901746787985,0.0,0.0,0.0,0.0,0.0,0.0,0.0,0.0,1.0,0.0,0.0,0.0,1.0,0.0,0.0
5.266666666666667,0.0,0.0,0.0,0.0,0.0,0.0,0.0,0.0,40.24901746787985,0.0,0.0,0.0,0.0,0.0,0.0,0.0,0.0,1.0,0.0,0.0,0.0,1.0,0.0,0.0
5.283333333333333,0.0,0.0,0.0,0.0,0.0,0.0,0.0,0.0,40.24901746787985,0.0,0.0,0.0,0.0,0.0,0.0,0.0,0.0,1.0,0.0,0.0,0.0,1.0,0.0,0.0
5.3,0.0,0.0,0.0,0.0,0.0,0.0,0.0,0.0,40.24901746787985,0.0,0.0,0.0,0.0,0.0,0.0,0.0,0.0,1.0,0.0,0.0,0.0,1.0,0.0,0.0
5.316666666666666,0.0,0.0,0.0,0.0,0.0,0.0,0.0,0.0,40.24901746787985,0.0,0.0,0.0,0.0,0.0,0.0,0.0,0.0,1.0,0.0,0.0,0.0,1.0,0.0,0.0
5.333333333333333,0.0,0.0,0.0,0.0,0.0,0.0,0.0,0.0,40.24901746787985,0.0,0.0,0.0,0.0,0.0,0.0,0.0,0.0,1.0,0.0,0.0,0.0,1.0,0.0,0.0
5.35,0.0,0.0,0.0,0.0,0.0,0.0,0.0,0.0,40.24901746787985,0.0,0.0,0.0,0.0,0.0,0.0,0.0,0.0,1.0,0.0,0.0,0.0,1.0,0.0,0.0
5.366666666666666,0.0,0.0,0.0,0.0,0.0,0.0,0.0,0.0,40.24901746787985,0.0,0.0,0.0,0.0,0.0,0.0,0.0,0.0,1.0,0.0,0.0,0.0,1.0,0.0,0.0
5.383333333333333,0.0,0.0,0.0,0.0,0.0,0.0,0.0,0.0,40.24901746787985,0.0,0.0,0.0,0.0,0.0,0.0,0.0,0.0,1.0,0.0,0.0,0.0,1.0,0.0,0.0
5.4,0.0,0.0,0.0,0.0,0.0,0.0,0.0,0.0,40.24901746787985,0.0,0.0,0.0,0.0,0.0,0.0,0.0,0.0,1.0,0.0,0.0,0.0,1.0,0.0,0.0
5.416666666666667,0.0,0.0,0.0,0.0,0.0,0.0,0.0,0.0,40.24901746787985,0.0,0.0,0.0,0.0,0.0,0.0,0.0,0.0,1.0,0.0,0.0,0.0,1.0,0.0,0.0
5.433333333333334,0.0,0.0,0.0,0.0,0.0,0.0,0.0,0.0,40.24901746787985,0.0,0.0,0.0,0.0,0.0,0.0,0.0,0.0,1.0,0.0,0.0,0.0,1.0,0.0,0.0
5.45,0.0,0.0,0.0,0.0,0.0,0.0,0.0,0.0,40.24901746787985,0.0,0.0,0.0,0.0,0.0,0.0,0.0,0.0,1.0,0.0,0.0,0.0,1.0,0.0,0.0
5.466666666666667,0.0,0.0,0.0,0.0,0.0,0.0,0.0,0.0,40.24901746787985,0.0,0.0,0.0,0.0,0.0,0.0,0.0,0.0,1.0,0.0,0.0,0.0,1.0,0.0,0.0
5.483333333333333,0.0,0.0,0.0,0.0,0.0,0.0,0.0,0.0,40.24901746787985,0.0,0.0,0.0,0.0,0.0,0.0,0.0,0.0,1.0,0.0,0.0,0.0,1.0,0.0,0.0
5.5,0.0,0.0,0.0,0.0,0.0,0.0,0.0,0.0,40.24901746787985,0.0,0.0,0.0,0.0,0.0,0.0,0.0,0.0,1.0,0.0,0.0,0.0,1.0,0.0,0.0
5.516666666666667,0.0,0.0,0.0,0.0,0.0,0.0,0.0,0.0,40.24901746787985,0.0,0.0,0.0,0.0,0.0,0.0,0.0,0.0,1.0,0.0,0.0,0.0,1.0,0.0,0.0
5.533333333333333,0.0,0.0,0.0,0.0,0.0,0.0,0.0,0.0,40.24901746787985,0.0,0.0,0.0,0.0,0.0,0.0,0.0,0.0,1.0,0.0,0.0,0.0,1.0,0.0,0.0
5.55,0.0,0.0,0.0,0.0,0.0,0.0,0.0,0.0,40.24901746787985,0.0,0.0,0.0,0.0,0.0,0.0,0.0,0.0,1.0,0.0,0.0,0.0,1.0,0.0,0.0
5.566666666666666,0.0,0.0,0.0,0.0,0.0,0.0,0.0,0.0,40.24901746787985,0.0,0.0,0.0,0.0,0.0,0.0,0.0,0.0,1.0,0.0,0.0,0.0,1.0,0.0,0.0
5.583333333333333,0.0,0.0,0.0,0.0,0.0,0.0,0.0,0.0,40.24901746787985,0.0,0.0,0.0,0.0,0.0,0.0,0.0,0.0,1.0,0.0,0.0,0.0,1.0,0.0,0.0
5.6,0.0,0.0,0.0,0.0,0.0,0.0,0.0,0.0,40.24901746787985,0.0,0.0,0.0,0.0,0.0,0.0,0.0,0.0,1.0,0.0,0.0,0.0,1.0,0.0,0.0
5.616666666666666,0.0,0.0,0.0,0.0,0.0,0.0,0.0,0.0,40.24901746787985,0.0,0.0,0.0,0.0,0.0,0.0,0.0,0.0,1.0,0.0,0.0,0.0,1.0,0.0,0.0
5.633333333333333,0.0,0.0,0.0,0.0,0.0,0.0,0.0,0.0,40.24901746787985,0.0,0.0,0.0,0.0,0.0,0.0,0.0,0.0,1.0,0.0,0.0,0.0,1.0,0.0,0.0
5.65,0.0,0.0,0.0,0.0,0.0,0.0,0.0,0.0,40.24901746787985,0.0,0.0,0.0,0.0,0.0,0.0,0.0,0.0,1.0,0.0,0.0,0.0,1.0,0.0,0.0
5.666666666666667,0.0,0.0,0.0,0.0,0.0,0.0,0.0,0.0,40.24901746787985,0.0,0.0,0.0,0.0,0.0,0.0,0.0,0.0,1.0,0.0,0.0,0.0,1.0,0.0,0.0
5.683333333333334,0.0,0.0,0.0,0.0,0.0,0.0,0.0,0.0,40.24901746787985,0.0,0.0,0.0,0.0,0.0,0.0,0.0,0.0,1.0,0.0,0.0,0.0,1.0,0.0,0.0
5.7,0.0,0.0,0.0,0.0,0.0,0.0,0.0,0.0,40.24901746787985,0.0,0.0,0.0,0.0,0.0,0.0,0.0,0.0,1.0,0.0,0.0,0.0,1.0,0.0,0.0
5.716666666666667,0.0,0.0,0.0,0.0,0.0,0.0,0.0,0.0,40.24901746787985,0.0,0.0,0.0,0.0,0.0,0.0,0.0,0.0,1.0,0.0,0.0,0.0,1.0,0.0,0.0
5.733333333333333,0.0,0.0,0.0,0.0,0.0,0.0,0.0,0.0,40.24901746787985,0.0,0.0,0.0,0.0,0.0,0.0,0.0,0.0,1.0,0.0,0.0,0.0,1.0,0.0,0.0
5.75,0.0,0.0,0.0,0.0,0.0,0.0,0.0,0.0,40.24901746787985,0.0,0.0,0.0,0.0,0.0,0.0,0.0,0.0,1.0,0.0,0.0,0.0,1.0,0.0,0.0
5.766666666666667,0.0,0.0,0.0,0.0,0.0,0.0,0.0,0.0,40.24901746787985,0.0,0.0,0.0,0.0,0.0,0.0,0.0,0.0,1.0,0.0,0.0,0.0,1.0,0.0,0.0
5.783333333333333,0.0,0.0,0.0,0.0,0.0,0.0,0.0,0.0,40.24901746787985,0.0,0.0,0.0,0.0,0.0,0.0,0.0,0.0,1.0,0.0,0.0,0.0,1.0,0.0,0.0
5.8,0.0,0.0,0.0,0.0,0.0,0.0,0.0,0.0,40.24901746787985,0.0,0.0,0.0,0.0,0.0,0.0,0.0,0.0,1.0,0.0,0.0,0.0,1.0,0.0,0.0
5.816666666666666,0.0,0.0,0.0,0.0,0.0,0.0,0.0,0.0,40.24901746787985,0.0,0.0,0.0,0.0,0.0,0.0,0.0,0.0,1.0,0.0,0.0,0.0,1.0,0.0,0.0
5.833333333333333,0.0,0.0,0.0,0.0,0.0,0.0,0.0,0.0,40.24901746787985,0.0,0.0,0.0,0.0,0.0,0.0,0.0,0.0,1.0,0.0,0.0,0.0,1.0,0.0,0.0
5.85,0.0,0.0,0.0,0.0,0.0,0.0,0.0,0.0,40.24901746787985,0.0,0.0,0.0,0.0,0.0,0.0,0.0,0.0,1.0,0.0,0.0,0.0,1.0,0.0,0.0
5.866666666666666,0.0,0.0,0.0,0.0,0.0,0.0,0.0,0.0,40.24901746787985,0.0,0.0,0.0,0.0,0.0,0.0,0.0,0.0,1.0,0.0,0.0,0.0,1.0,0.0,0.0
5.883333333333333,0.0,0.0,0.0,0.0,0.0,0.0,0.0,0.0,40.24901746787985,0.0,0.0,0.0,0.0,0.0,0.0,0.0,0.0,1.0,0.0,0.0,0.0,1.0,0.0,0.0
5.9,0.0,0.0,0.0,0.0,0.0,0.0,0.0,0.0,40.24901746787985,0.0,0.0,0.0,0.0,0.0,0.0,0.0,0.0,1.0,0.0,0.0,0.0,1.0,0.0,0.0
5.916666666666667,0.0,0.0,0.0,0.0,0.0,0.0,0.0,0.0,40.24901746787985,0.0,0.0,0.0,0.0,0.0,0.0,0.0,0.0,1.0,0.0,0.0,0.0,1.0,0.0,0.0
5.933333333333334,0.0,0.0,0.0,0.0,0.0,0.0,0.0,0.0,40.24901746787985,0.0,0.0,0.0,0.0,0.0,0.0,0.0,0.0,1.0,0.0,0.0,0.0,1.0,0.0,0.0
5.95,0.0,0.0,0.0,0.0,0.0,0.0,0.0,0.0,40.24901746787985,0.0,0.0,0.0,0.0,0.0,0.0,0.0,0.0,1.0,0.0,0.0,0.0,1.0,0.0,0.0
5.966666666666667,0.0,0.0,0.0,0.0,0.0,0.0,0.0,0.0,40.24901746787985,0.0,0.0,0.0,0.0,0.0,0.0,0.0,0.0,1.0,0.0,0.0,0.0,1.0,0.0,0.0
5.983333333333333,0.0,0.0,0.0,0.0,0.0,0.0,0.0,0.0,40.24901746787985,0.0,0.0,0.0,0.0,0.0,0.0,0.0,0.0,1.0,0.0,0.0,0.0,1.0,0.0,0.0
6.0,0.0,0.0,0.0,0.0,0.0,0.0,0.0,0.0,40.24901746787985,0.0,0.0,0.0,0.0,0.0,0.0,0.0,0.0,1.0,0.0,0.0,0.0,1.0,0.0,0.0
6.016666666666667,0.0,0.0,0.0,0.0,0.0,0.0,0.0,0.0,40.24901746787985,0.0,0.0,0.0,0.0,0.0,0.0,0.0,0.0,1.0,0.0,0.0,0.0,1.0,0.0,0.0
6.033333333333333,0.0,0.0,0.0,0.0,0.0,0.0,0.0,0.0,40.24901746787985,0.0,0.0,0.0,0.0,0.0,0.0,0.0,0.0,1.0,0.0,0.0,0.0,1.0,0.0,0.0
6.05,0.0,0.0,0.0,0.0,0.0,0.0,0.0,0.0,40.24901746787985,0.0,0.0,0.0,0.0,0.0,0.0,0.0,0.0,1.0,0.0,0.0,0.0,1.0,0.0,0.0
6.066666666666666,0.0,0.0,0.0,0.0,0.0,0.0,0.0,0.0,40.24901746787985,0.0,0.0,0.0,0.0,0.0,0.0,0.0,0.0,1.0,0.0,0.0,0.0,1.0,0.0,0.0
6.083333333333333,0.0,0.0,0.0,0.0,0.0,0.0,0.0,0.0,40.24901746787985,0.0,0.0,0.0,0.0,0.0,0.0,0.0,0.0,1.0,0.0,0.0,0.0,1.0,0.0,0.0
6.1,0.0,0.0,0.0,0.0,0.0,0.0,0.0,0.0,40.24901746787985,0.0,0.0,0.0,0.0,0.0,0.0,0.0,0.0,1.0,0.0,0.0,0.0,1.0,0.0,0.0
6.116666666666666,0.0,0.0,0.0,0.0,0.0,0.0,0.0,0.0,40.24901746787985,0.0,0.0,0.0,0.0,0.0,0.0,0.0,0.0,1.0,0.0,0.0,0.0,1.0,0.0,0.0
6.133333333333333,0.0,0.0,0.0,0.0,0.0,0.0,0.0,0.0,40.24901746787985,0.0,0.0,0.0,0.0,0.0,0.0,0.0,0.0,1.0,0.0,0.0,0.0,1.0,0.0,0.0
6.15,0.0,0.0,0.0,0.0,0.0,0.0,0.0,0.0,40.24901746787985,0.0,0.0,0.0,0.0,0.0,0.0,0.0,0.0,1.0,0.0,0.0,0.0,1.0,0.0,0.0
6.166666666666667,0.0,0.0,0.0,0.0,0.0,0.0,0.0,0.0,40.24901746787985,0.0,0.0,0.0,0.0,0.0,0.0,0.0,0.0,1.0,0.0,0.0,0.0,1.0,0.0,0.0
6.183333333333334,0.0,0.0,0.0,0.0,0.0,0.0,0.0,0.0,40.24901746787985,0.0,0.0,0.0,0.0,0.0,0.0,0.0,0.0,1.0,0.0,0.0,0.0,1.0,0.0,0.0
6.2,0.0,0.0,0.0,0.0,0.0,0.0,0.0,0.0,40.24901746787985,0.0,0.0,0.0,0.0,0.0,0.0,0.0,0.0,1.0,0.0,0.0,0.0,1.0,0.0,0.0
6.216666666666667,0.0,0.0,0.0,0.0,0.0,0.0,0.0,0.0,40.24901746787985,0.0,0.0,0.0,0.0,0.0,0.0,0.0,0.0,1.0,0.0,0.0,0.0,1.0,0.0,0.0
6.233333333333333,0.0,0.0,0.0,0.0,0.0,0.0,0.0,0.0,40.24901746787985,0.0,0.0,0.0,0.0,0.0,0.0,0.0,0.0,1.0,0.0,0.0,0.0,1.0,0.0,0.0
6.25,0.0,0.0,0.0,0.0,0.0,0.0,0.0,0.0,40.24901746787985,0.0,0.0,0.0,0.0,0.0,0.0,0.0,0.0,1.0,0.0,0.0,0.0,1.0,0.0,0.0
6.266666666666667,0.0,0.0,0.0,0.0,0.0,0.0,0.0,0.0,40.24901746787985,0.0,0.0,0.0,0.0,0.0,0.0,0.0,0.0,1.0,0.0,0.0,0.0,1.0,0.0,0.0
6.283333333333333,0.0,0.0,0.0,0.0,0.0,0.0,0.0,0.0,40.24901746787985,0.0,0.0,0.0,0.0,0.0,0.0,0.0,0.0,1.0,0.0,0.0,0.0,1.0,0.0,0.0
6.3,0.0,0.0,0.0,0.0,0.0,0.0,0.0,0.0,40.24901746787985,0.0,0.0,0.0,0.0,0.0,0.0,0.0,0.0,1.0,0.0,0.0,0.0,1.0,0.0,0.0
6.316666666666666,0.0,0.0,0.0,0.0,0.0,0.0,0.0,0.0,40.24901746787985,0.0,0.0,0.0,0.0,0.0,0.0,0.0,0.0,1.0,0.0,0.0,0.0,1.0,0.0,0.0
6.333333333333333,0.0,0.0,0.0,0.0,0.0,0.0,0.0,0.0,40.24901746787985,0.0,0.0,0.0,0.0,0.0,0.0,0.0,0.0,1.0,0.0,0.0,0.0,1.0,0.0,0.0
6.35,0.0,0.0,0.0,0.0,0.0,0.0,0.0,0.0,40.24901746787985,0.0,0.0,0.0,0.0,0.0,0.0,0.0,0.0,1.0,0.0,0.0,0.0,1.0,0.0,0.0
6.366666666666666,0.0,0.0,0.0,0.0,0.0,0.0,0.0,0.0,40.24901746787985,0.0,0.0,0.0,0.0,0.0,0.0,0.0,0.0,1.0,0.0,0.0,0.0,1.0,0.0,0.0
6.383333333333333,0.0,0.0,0.0,0.0,0.0,0.0,0.0,0.0,40.24901746787985,0.0,0.0,0.0,0.0,0.0,0.0,0.0,0.0,1.0,0.0,0.0,0.0,1.0,0.0,0.0
6.4,0.0,0.0,0.0,0.0,0.0,0.0,0.0,0.0,40.24901746787985,0.0,0.0,0.0,0.0,0.0,0.0,0.0,0.0,1.0,0.0,0.0,0.0,1.0,0.0,0.0
6.416666666666667,0.0,0.0,0.0,0.0,0.0,0.0,0.0,0.0,40.24901746787985,0.0,0.0,0.0,0.0,0.0,0.0,0.0,0.0,1.0,0.0,0.0,0.0,1.0,0.0,0.0
6.433333333333334,0.0,0.0,0.0,0.0,0.0,0.0,0.0,0.0,40.24901746787985,0.0,0.0,0.0,0.0,0.0,0.0,0.0,0.0,1.0,0.0,0.0,0.0,1.0,0.0,0.0
6.45,0.0,0.0,0.0,0.0,0.0,0.0,0.0,0.0,40.24901746787985,0.0,0.0,0.0,0.0,0.0,0.0,0.0,0.0,1.0,0.0,0.0,0.0,1.0,0.0,0.0
6.466666666666667,0.0,0.0,0.0,0.0,0.0,0.0,0.0,0.0,40.24901746787985,0.0,0.0,0.0,0.0,0.0,0.0,0.0,0.0,1.0,0.0,0.0,0.0,1.0,0.0,0.0
6.483333333333333,0.0,0.0,0.0,0.0,0.0,0.0,0.0,0.0,40.24901746787985,0.0,0.0,0.0,0.0,0.0,0.0,0.0,0.0,1.0,0.0,0.0,0.0,1.0,0.0,0.0
6.5,0.0,0.0,0.0,0.0,0.0,0.0,0.0,0.0,40.24901746787985,0.0,0.0,0.0,0.0,0.0,0.0,0.0,0.0,1.0,0.0,0.0,0.0,1.0,0.0,0.0
6.516666666666667,0.0,0.0,0.0,0.0,0.0,0.0,0.0,0.0,40.24901746787985,0.0,0.0,0.0,0.0,0.0,0.0,0.0,0.0,1.0,0.0,0.0,0.0,1.0,0.0,0.0
6.533333333333333,0.0,0.0,0.0,0.0,0.0,0.0,0.0,0.0,40.24901746787985,0.0,0.0,0.0,0.0,0.0,0.0,0.0,0.0,1.0,0.0,0.0,0.0,1.0,0.0,0.0
6.55,0.0,0.0,0.0,0.0,0.0,0.0,0.0,0.0,40.24901746787985,0.0,0.0,0.0,0.0,0.0,0.0,0.0,0.0,1.0,0.0,0.0,0.0,1.0,0.0,0.0
6.566666666666666,0.0,0.0,0.0,0.0,0.0,0.0,0.0,0.0,40.24901746787985,0.0,0.0,0.0,0.0,0.0,0.0,0.0,0.0,1.0,0.0,0.0,0.0,1.0,0.0,0.0
6.583333333333333,0.0,0.0,0.0,0.0,0.0,0.0,0.0,0.0,40.24901746787985,0.0,0.0,0.0,0.0,0.0,0.0,0.0,0.0,1.0,0.0,0.0,0.0,1.0,0.0,0.0
6.6,0.0,0.0,0.0,0.0,0.0,0.0,0.0,0.0,40.24901746787985,0.0,0.0,0.0,0.0,0.0,0.0,0.0,0.0,1.0,0.0,0.0,0.0,1.0,0.0,0.0
6.616666666666666,0.0,0.0,0.0,0.0,0.0,0.0,0.0,0.0,40.24901746787985,0.0,0.0,0.0,0.0,0.0,0.0,0.0,0.0,1.0,0.0,0.0,0.0,1.0,0.0,0.0
6.633333333333333,0.0,0.0,0.0,0.0,0.0,0.0,0.0,0.0,40.24901746787985,0.0,0.0,0.0,0.0,0.0,0.0,0.0,0.0,1.0,0.0,0.0,0.0,1.0,0.0,0.0
6.6499999999999995,0.0,0.0,0.0,0.0,0.0,0.0,0.0,0.0,40.24901746787985,0.0,0.0,0.0,0.0,0.0,0.0,0.0,0.0,1.0,0.0,0.0,0.0,1.0,0.0,0.0
6.666666666666667,0.0,0.0,0.0,0.0,0.0,0.0,0.0,0.0,40.24901746787985,0.0,0.0,0.0,0.0,0.0,0.0,0.0,0.0,1.0,0.0,0.0,0.0,1.0,0.0,0.0
6.683333333333334,0.0,0.0,0.0,0.0,0.0,0.0,0.0,0.0,40.24901746787985,0.0,0.0,0.0,0.0,0.0,0.0,0.0,0.0,1.0,0.0,0.0,0.0,1.0,0.0,0.0
6.7,0.0,0.0,0.0,0.0,0.0,0.0,0.0,0.0,40.24901746787985,0.0,0.0,0.0,0.0,0.0,0.0,0.0,0.0,1.0,0.0,0.0,0.0,1.0,0.0,0.0
6.716666666666667,0.0,0.0,0.0,0.0,0.0,0.0,0.0,0.0,40.24901746787985,0.0,0.0,0.0,0.0,0.0,0.0,0.0,0.0,1.0,0.0,0.0,0.0,1.0,0.0,0.0
6.733333333333333,0.0,0.0,0.0,0.0,0.0,0.0,0.0,0.0,40.24901746787985,0.0,0.0,0.0,0.0,0.0,0.0,0.0,0.0,1.0,0.0,0.0,0.0,1.0,0.0,0.0
6.75,0.0,0.0,0.0,0.0,0.0,0.0,0.0,0.0,40.24901746787985,0.0,0.0,0.0,0.0,0.0,0.0,0.0,0.0,1.0,0.0,0.0,0.0,1.0,0.0,0.0
6.766666666666667,0.0,0.0,0.0,0.0,0.0,0.0,0.0,0.0,40.24901746787985,0.0,0.0,0.0,0.0,0.0,0.0,0.0,0.0,1.0,0.0,0.0,0.0,1.0,0.0,0.0
6.783333333333333,0.0,0.0,0.0,0.0,0.0,0.0,0.0,0.0,40.24901746787985,0.0,0.0,0.0,0.0,0.0,0.0,0.0,0.0,1.0,0.0,0.0,0.0,1.0,0.0,0.0
6.8,0.0,0.0,0.0,0.0,0.0,0.0,0.0,0.0,40.24901746787985,0.0,0.0,0.0,0.0,0.0,0.0,0.0,0.0,1.0,0.0,0.0,0.0,1.0,0.0,0.0
6.816666666666666,0.0,0.0,0.0,0.0,0.0,0.0,0.0,0.0,40.24901746787985,0.0,0.0,0.0,0.0,0.0,0.0,0.0,0.0,1.0,0.0,0.0,0.0,1.0,0.0,0.0
6.833333333333333,0.0,0.0,0.0,0.0,0.0,0.0,0.0,0.0,40.24901746787985,0.0,0.0,0.0,0.0,0.0,0.0,0.0,0.0,1.0,0.0,0.0,0.0,1.0,0.0,0.0
6.85,0.0,0.0,0.0,0.0,0.0,0.0,0.0,0.0,40.24901746787985,0.0,0.0,0.0,0.0,0.0,0.0,0.0,0.0,1.0,0.0,0.0,0.0,1.0,0.0,0.0
6.866666666666666,0.0,0.0,0.0,0.0,0.0,0.0,0.0,0.0,40.24901746787985,0.0,0.0,0.0,0.0,0.0,0.0,0.0,0.0,1.0,0.0,0.0,0.0,1.0,0.0,0.0
6.883333333333333,0.0,0.0,0.0,0.0,0.0,0.0,0.0,0.0,40.24901746787985,0.0,0.0,0.0,0.0,0.0,0.0,0.0,0.0,1.0,0.0,0.0,0.0,1.0,0.0,0.0
6.8999999999999995,0.0,0.0,0.0,0.0,0.0,0.0,0.0,0.0,40.24901746787985,0.0,0.0,0.0,0.0,0.0,0.0,0.0,0.0,1.0,0.0,0.0,0.0,1.0,0.0,0.0
6.916666666666667,0.0,0.0,0.0,0.0,0.0,0.0,0.0,0.0,40.24901746787985,0.0,0.0,0.0,0.0,0.0,0.0,0.0,0.0,1.0,0.0,0.0,0.0,1.0,0.0,0.0
6.933333333333334,0.0,0.0,0.0,0.0,0.0,0.0,0.0,0.0,40.24901746787985,0.0,0.0,0.0,0.0,0.0,0.0,0.0,0.0,1.0,0.0,0.0,0.0,1.0,0.0,0.0
6.95,0.0,0.0,0.0,0.0,0.0,0.0,0.0,0.0,40.24901746787985,0.0,0.0,0.0,0.0,0.0,0.0,0.0,0.0,1.0,0.0,0.0,0.0,1.0,0.0,0.0
6.966666666666667,0.0,0.0,0.0,0.0,0.0,0.0,0.0,0.0,40.24901746787985,0.0,0.0,0.0,0.0,0.0,0.0,0.0,0.0,1.0,0.0,0.0,0.0,1.0,0.0,0.0
6.983333333333333,0.0,0.0,0.0,0.0,0.0,0.0,0.0,0.0,40.24901746787985,0.0,0.0,0.0,0.0,0.0,0.0,0.0,0.0,1.0,0.0,0.0,0.0,1.0,0.0,0.0
7.0,0.0,0.0,0.0,0.0,0.0,0.0,0.0,0.0,40.24901746787985,0.0,0.0,0.0,0.0,0.0,0.0,0.0,0.0,1.0,0.0,0.0,0.0,1.0,0.0,0.0
7.016666666666667,0.0,0.0,0.0,0.0,0.0,0.0,0.0,0.0,40.24901746787985,0.0,0.0,0.0,0.0,0.0,0.0,0.0,0.0,1.0,0.0,0.0,0.0,1.0,0.0,0.0
7.033333333333333,0.0,0.0,0.0,0.0,0.0,0.0,0.0,0.0,40.24901746787985,0.0,0.0,0.0,0.0,0.0,0.0,0.0,0.0,1.0,0.0,0.0,0.0,1.0,0.0,0.0
7.05,0.0,0.0,0.0,0.0,0.0,0.0,0.0,0.0,40.24901746787985,0.0,0.0,0.0,0.0,0.0,0.0,0.0,0.0,1.0,0.0,0.0,0.0,1.0,0.0,0.0
7.066666666666666,0.0,0.0,0.0,0.0,0.0,0.0,0.0,0.0,40.24901746787985,0.0,0.0,0.0,0.0,0.0,0.0,0.0,0.0,1.0,0.0,0.0,0.0,1.0,0.0,0.0
7.083333333333333,0.0,0.0,0.0,0.0,0.0,0.0,0.0,0.0,40.24901746787985,0.0,0.0,0.0,0.0,0.0,0.0,0.0,0.0,1.0,0.0,0.0,0.0,1.0,0.0,0.0
7.1,0.0,0.0,0.0,0.0,0.0,0.0,0.0,0.0,40.24901746787985,0.0,0.0,0.0,0.0,0.0,0.0,0.0,0.0,1.0,0.0,0.0,0.0,1.0,0.0,0.0
7.116666666666666,0.0,0.0,0.0,0.0,0.0,0.0,0.0,0.0,40.24901746787985,0.0,0.0,0.0,0.0,0.0,0.0,0.0,0.0,1.0,0.0,0.0,0.0,1.0,0.0,0.0
7.133333333333333,0.0,0.0,0.0,0.0,0.0,0.0,0.0,0.0,40.24901746787985,0.0,0.0,0.0,0.0,0.0,0.0,0.0,0.0,1.0,0.0,0.0,0.0,1.0,0.0,0.0
7.1499999999999995,0.0,0.0,0.0,0.0,0.0,0.0,0.0,0.0,40.24901746787985,0.0,0.0,0.0,0.0,0.0,0.0,0.0,0.0,1.0,0.0,0.0,0.0,1.0,0.0,0.0
7.166666666666667,0.0,0.0,0.0,0.0,0.0,0.0,0.0,0.0,40.24901746787985,0.0,0.0,0.0,0.0,0.0,0.0,0.0,0.0,1.0,0.0,0.0,0.0,1.0,0.0,0.0
7.183333333333334,0.0,0.0,0.0,0.0,0.0,0.0,0.0,0.0,40.24901746787985,0.0,0.0,0.0,0.0,0.0,0.0,0.0,0.0,1.0,0.0,0.0,0.0,1.0,0.0,0.0
7.2,0.0,0.0,0.0,0.0,0.0,0.0,0.0,0.0,40.24901746787985,0.0,0.0,0.0,0.0,0.0,0.0,0.0,0.0,1.0,0.0,0.0,0.0,1.0,0.0,0.0
7.216666666666667,0.0,0.0,0.0,0.0,0.0,0.0,0.0,0.0,40.24901746787985,0.0,0.0,0.0,0.0,0.0,0.0,0.0,0.0,1.0,0.0,0.0,0.0,1.0,0.0,0.0
7.233333333333333,0.0,0.0,0.0,0.0,0.0,0.0,0.0,0.0,40.24901746787985,0.0,0.0,0.0,0.0,0.0,0.0,0.0,0.0,1.0,0.0,0.0,0.0,1.0,0.0,0.0
7.25,0.0,0.0,0.0,0.0,0.0,0.0,0.0,0.0,40.24901746787985,0.0,0.0,0.0,0.0,0.0,0.0,0.0,0.0,1.0,0.0,0.0,0.0,1.0,0.0,0.0
7.266666666666667,0.0,0.0,0.0,0.0,0.0,0.0,0.0,0.0,40.24901746787985,0.0,0.0,0.0,0.0,0.0,0.0,0.0,0.0,1.0,0.0,0.0,0.0,1.0,0.0,0.0
7.283333333333333,0.0,0.0,0.0,0.0,0.0,0.0,0.0,0.0,40.24901746787985,0.0,0.0,0.0,0.0,0.0,0.0,0.0,0.0,1.0,0.0,0.0,0.0,1.0,0.0,0.0
7.3,0.0,0.0,0.0,0.0,0.0,0.0,0.0,0.0,40.24901746787985,0.0,0.0,0.0,0.0,0.0,0.0,0.0,0.0,1.0,0.0,0.0,0.0,1.0,0.0,0.0
7.316666666666666,0.0,0.0,0.0,0.0,0.0,0.0,0.0,0.0,40.24901746787985,0.0,0.0,0.0,0.0,0.0,0.0,0.0,0.0,1.0,0.0,0.0,0.0,1.0,0.0,0.0
7.333333333333333,0.0,0.0,0.0,0.0,0.0,0.0,0.0,0.0,40.24901746787985,0.0,0.0,0.0,0.0,0.0,0.0,0.0,0.0,1.0,0.0,0.0,0.0,1.0,0.0,0.0
7.35,0.0,0.0,0.0,0.0,0.0,0.0,0.0,0.0,40.24901746787985,0.0,0.0,0.0,0.0,0.0,0.0,0.0,0.0,1.0,0.0,0.0,0.0,1.0,0.0,0.0
7.366666666666666,0.0,0.0,0.0,0.0,0.0,0.0,0.0,0.0,40.24901746787985,0.0,0.0,0.0,0.0,0.0,0.0,0.0,0.0,1.0,0.0,0.0,0.0,1.0,0.0,0.0
7.383333333333333,0.0,0.0,0.0,0.0,0.0,0.0,0.0,0.0,40.24901746787985,0.0,0.0,0.0,0.0,0.0,0.0,0.0,0.0,1.0,0.0,0.0,0.0,1.0,0.0,0.0
7.3999999999999995,0.0,0.0,0.0,0.0,0.0,0.0,0.0,0.0,40.24901746787985,0.0,0.0,0.0,0.0,0.0,0.0,0.0,0.0,1.0,0.0,0.0,0.0,1.0,0.0,0.0
7.416666666666667,0.0,0.0,0.0,0.0,0.0,0.0,0.0,0.0,40.24901746787985,0.0,0.0,0.0,0.0,0.0,0.0,0.0,0.0,1.0,0.0,0.0,0.0,1.0,0.0,0.0
7.433333333333334,0.0,0.0,0.0,0.0,0.0,0.0,0.0,0.0,40.24901746787985,0.0,0.0,0.0,0.0,0.0,0.0,0.0,0.0,1.0,0.0,0.0,0.0,1.0,0.0,0.0
7.45,0.0,0.0,0.0,0.0,0.0,0.0,0.0,0.0,40.24901746787985,0.0,0.0,0.0,0.0,0.0,0.0,0.0,0.0,1.0,0.0,0.0,0.0,1.0,0.0,0.0
7.466666666666667,0.0,0.0,0.0,0.0,0.0,0.0,0.0,0.0,40.24901746787985,0.0,0.0,0.0,0.0,0.0,0.0,0.0,0.0,1.0,0.0,0.0,0.0,1.0,0.0,0.0
7.483333333333333,0.0,0.0,0.0,0.0,0.0,0.0,0.0,0.0,40.24901746787985,0.0,0.0,0.0,0.0,0.0,0.0,0.0,0.0,1.0,0.0,0.0,0.0,1.0,0.0,0.0
7.5,0.0,0.0,0.0,0.0,0.0,0.0,0.0,0.0,40.24901746787985,0.0,0.0,0.0,0.0,0.0,0.0,0.0,0.0,1.0,0.0,0.0,0.0,1.0,0.0,0.0
7.516666666666667,0.0,0.0,0.0,0.0,0.0,0.0,0.0,0.0,40.24901746787985,0.0,0.0,0.0,0.0,0.0,0.0,0.0,0.0,1.0,0.0,0.0,0.0,1.0,0.0,0.0
7.533333333333333,0.0,0.0,0.0,0.0,0.0,0.0,0.0,0.0,40.24901746787985,0.0,0.0,0.0,0.0,0.0,0.0,0.0,0.0,1.0,0.0,0.0,0.0,1.0,0.0,0.0
7.55,0.0,0.0,0.0,0.0,0.0,0.0,0.0,0.0,40.24901746787985,0.0,0.0,0.0,0.0,0.0,0.0,0.0,0.0,1.0,0.0,0.0,0.0,1.0,0.0,0.0
7.566666666666666,0.0,0.0,0.0,0.0,0.0,0.0,0.0,0.0,40.24901746787985,0.0,0.0,0.0,0.0,0.0,0.0,0.0,0.0,1.0,0.0,0.0,0.0,1.0,0.0,0.0
7.583333333333333,0.0,0.0,0.0,0.0,0.0,0.0,0.0,0.0,40.24901746787985,0.0,0.0,0.0,0.0,0.0,0.0,0.0,0.0,1.0,0.0,0.0,0.0,1.0,0.0,0.0
7.6,0.0,0.0,0.0,0.0,0.0,0.0,0.0,0.0,40.24901746787985,0.0,0.0,0.0,0.0,0.0,0.0,0.0,0.0,1.0,0.0,0.0,0.0,1.0,0.0,0.0
7.616666666666666,0.0,0.0,0.0,0.0,0.0,0.0,0.0,0.0,40.24901746787985,0.0,0.0,0.0,0.0,0.0,0.0,0.0,0.0,1.0,0.0,0.0,0.0,1.0,0.0,0.0
7.633333333333333,0.0,0.0,0.0,0.0,0.0,0.0,0.0,0.0,40.24901746787985,0.0,0.0,0.0,0.0,0.0,0.0,0.0,0.0,1.0,0.0,0.0,0.0,1.0,0.0,0.0
7.6499999999999995,0.0,0.0,0.0,0.0,0.0,0.0,0.0,0.0,40.24901746787985,0.0,0.0,0.0,0.0,0.0,0.0,0.0,0.0,1.0,0.0,0.0,0.0,1.0,0.0,0.0
7.666666666666667,0.0,0.0,0.0,0.0,0.0,0.0,0.0,0.0,40.24901746787985,0.0,0.0,0.0,0.0,0.0,0.0,0.0,0.0,1.0,0.0,0.0,0.0,1.0,0.0,0.0
7.683333333333334,0.0,0.0,0.0,0.0,0.0,0.0,0.0,0.0,40.24901746787985,0.0,0.0,0.0,0.0,0.0,0.0,0.0,0.0,1.0,0.0,0.0,0.0,1.0,0.0,0.0
7.7,0.0,0.0,0.0,0.0,0.0,0.0,0.0,0.0,40.24901746787985,0.0,0.0,0.0,0.0,0.0,0.0,0.0,0.0,1.0,0.0,0.0,0.0,1.0,0.0,0.0
7.716666666666667,0.0,0.0,0.0,0.0,0.0,0.0,0.0,0.0,40.24901746787985,0.0,0.0,0.0,0.0,0.0,0.0,0.0,0.0,1.0,0.0,0.0,0.0,1.0,0.0,0.0
7.733333333333333,0.0,0.0,0.0,0.0,0.0,0.0,0.0,0.0,40.24901746787985,0.0,0.0,0.0,0.0,0.0,0.0,0.0,0.0,1.0,0.0,0.0,0.0,1.0,0.0,0.0
7.75,0.0,0.0,0.0,0.0,0.0,0.0,0.0,0.0,40.24901746787985,0.0,0.0,0.0,0.0,0.0,0.0,0.0,0.0,1.0,0.0,0.0,0.0,1.0,0.0,0.0
7.766666666666667,0.0,0.0,0.0,0.0,0.0,0.0,0.0,0.0,40.24901746787985,0.0,0.0,0.0,0.0,0.0,0.0,0.0,0.0,1.0,0.0,0.0,0.0,1.0,0.0,0.0
7.783333333333333,0.0,0.0,0.0,0.0,0.0,0.0,0.0,0.0,40.24901746787985,0.0,0.0,0.0,0.0,0.0,0.0,0.0,0.0,1.0,0.0,0.0,0.0,1.0,0.0,0.0
7.8,0.0,0.0,0.0,0.0,0.0,0.0,0.0,0.0,40.24901746787985,0.0,0.0,0.0,0.0,0.0,0.0,0.0,0.0,1.0,0.0,0.0,0.0,1.0,0.0,0.0
7.816666666666666,0.0,0.0,0.0,0.0,0.0,0.0,0.0,0.0,40.24901746787985,0.0,0.0,0.0,0.0,0.0,0.0,0.0,0.0,1.0,0.0,0.0,0.0,1.0,0.0,0.0
7.833333333333333,0.0,0.0,0.0,0.0,0.0,0.0,0.0,0.0,40.24901746787985,0.0,0.0,0.0,0.0,0.0,0.0,0.0,0.0,1.0,0.0,0.0,0.0,1.0,0.0,0.0
7.85,0.0,0.0,0.0,0.0,0.0,0.0,0.0,0.0,40.24901746787985,0.0,0.0,0.0,0.0,0.0,0.0,0.0,0.0,1.0,0.0,0.0,0.0,1.0,0.0,0.0
7.866666666666666,0.0,0.0,0.0,0.0,0.0,0.0,0.0,0.0,40.24901746787985,0.0,0.0,0.0,0.0,0.0,0.0,0.0,0.0,1.0,0.0,0.0,0.0,1.0,0.0,0.0
7.883333333333333,0.0,0.0,0.0,0.0,0.0,0.0,0.0,0.0,40.24901746787985,0.0,0.0,0.0,0.0,0.0,0.0,0.0,0.0,1.0,0.0,0.0,0.0,1.0,0.0,0.0
7.8999999999999995,0.0,0.0,0.0,0.0,0.0,0.0,0.0,0.0,40.24901746787985,0.0,0.0,0.0,0.0,0.0,0.0,0.0,0.0,1.0,0.0,0.0,0.0,1.0,0.0,0.0
7.916666666666667,0.0,0.0,0.0,0.0,0.0,0.0,0.0,0.0,40.24901746787985,0.0,0.0,0.0,0.0,0.0,0.0,0.0,0.0,1.0,0.0,0.0,0.0,1.0,0.0,0.0
7.933333333333334,0.0,0.0,0.0,0.0,0.0,0.0,0.0,0.0,40.24901746787985,0.0,0.0,0.0,0.0,0.0,0.0,0.0,0.0,1.0,0.0,0.0,0.0,1.0,0.0,0.0
7.95,0.0,0.0,0.0,0.0,0.0,0.0,0.0,0.0,40.24901746787985,0.0,0.0,0.0,0.0,0.0,0.0,0.0,0.0,1.0,0.0,0.0,0.0,1.0,0.0,0.0
7.966666666666667,0.0,0.0,0.0,0.0,0.0,0.0,0.0,0.0,40.24901746787985,0.0,0.0,0.0,0.0,0.0,0.0,0.0,0.0,1.0,0.0,0.0,0.0,1.0,0.0,0.0
7.983333333333333,0.0,0.0,0.0,0.0,0.0,0.0,0.0,0.0,40.24901746787985,0.0,0.0,0.0,0.0,0.0,0.0,0.0,0.0,1.0,0.0,0.0,0.0,1.0,0.0,0.0
