t,vx,vy,speed,yaw,yaw_rate,steering_angle,ax,ay,pos_x,pos_y,sideslip,alpha_f,alpha_r,fy_f,fy_r,f_long,throttle,brake,steer_cmd
0.0,0.045121909853232806,0.0,0.045121909853232806,0.0,0.0,0.0,2.7062959320905007,0.0,0.0004700788468868962,0.0,0.0,0.0,0.0,-0.0,-0.0,3247.5555900086824,0.5,0.0,0.0
0.016666666666666666,0.08835964182042687,0.0,0.08835964182042687,0.0,0.0,0.0,2.5565044194513806,0.0,0.0016763924300973224,0.0,0.0,0.0,0.0,-0.0,-0.0,3244.387788772527,0.5,0.0,0.0
0.03333333333333333,0.1309413145534617,0.0,0.1309413145534617,0.0,0.0,0.0,2.5539380973050188,0.0,0.0035926679072135668,0.0,0.0,0.0,0.0,-0.0,-0.0,3241.311673468939,0.5,0.0,0.0
0.05,0.1734802291438403,0.0,0.1734802291438403,0.0,0.0,0.0,2.5513731091986953,0.0,0.006218192503604003,0.0,0.0,0.0,0.0,-0.0,-0.0,3238.2386466548796,0.5,0.0,0.0
0.06666666666666667,0.21597640785060065,0.0,0.21597640785060065,0.0,0.0,0.0,2.5488094575349076,0.0,0.009552253815370558,0.0,0.0,0.0,0.0,-0.0,-0.0,3235.1687067234748,0.5,0.0,0.0
0.08333333333333333,0.2584298729727312,0.0,0.2584298729727312,0.0,0.0,0.0,2.5462471447073796,0.0,0.01359413981001547,0.0,0.0,0.0,0.0,-0.0,-0.0,3232.10185206496,0.5,0.0,0.0
0.1,0.3008406468490243,0.0,0.3008406468490243,0.0,0.0,0.0,2.543686173101082,0.0,0.018343138827105594,0.0,0.0,0.0,0.0,-0.0,-0.0,3229.0380810666984,0.5,0.0,0.0
0.11666666666666667,0.34320875185793076,0.0,0.34320875185793076,0.0,0.0,0.0,2.5411265450922285,0.0,0.023798539578934293,0.0,0.0,0.0,0.0,-0.0,-0.0,3225.9773921131823,0.5,0.0,0.0
0.13333333333333333,0.3855342104174141,0.0,0.3855342104174141,0.0,0.0,0.0,2.5385682630482957,0.0,0.029959631151180888,0.0,0.0,0.0,0.0,-0.0,-0.0,3222.919783586049,0.5,0.0,0.0
0.15,0.4278170449848044,0.0,0.4278170449848044,0.0,0.0,0.0,2.5360113293280286,0.0,0.03682570300356768,0.0,0.0,0.0,0.0,-0.0,-0.0,3219.86525386409,0.5,0.0,0.0
0.16666666666666666,0.4700572780566536,0.0,0.4700572780566536,0.0,0.0,0.0,2.533455746281451,0.0,0.04439604497051457,0.0,0.0,0.0,0.0,-0.0,-0.0,3216.813801323262,0.5,0.0,0.0
0.18333333333333332,0.5122549321685899,0.0,0.5122549321685899,0.0,0.0,0.0,2.5309015162498723,0.0,0.0526699472617912,0.0,0.0,0.0,0.0,-0.0,-0.0,3213.7654243366956,0.5,0.0,0.0
0.2,0.5544100298951725,0.0,0.5544100298951725,0.0,0.0,0.0,2.5283486415659033,0.0,0.06164670046316677,0.0,0.0,0.0,0.0,-0.0,-0.0,3210.720121274708,0.5,0.0,0.0
0.21666666666666667,0.596522593849747,0.0,0.596522593849747,0.0,0.0,0.0,2.525797124553461,0.0,0.0713255955370573,0.0,0.0,0.0,0.0,-0.0,-0.0,3207.6778905048145,0.5,0.0,0.0
0.23333333333333334,0.6385926466843006,0.0,0.6385926466843006,0.0,0.0,0.0,2.523246967527779,0.0,0.08170592382317067,0.0,0.0,0.0,0.0,-0.0,-0.0,3204.6387303917327,0.5,0.0,0.0
0.25,0.6806202110893173,0.0,0.6806202110893173,0.0,0.0,0.0,2.5206981727954187,0.0,0.09278697703914901,0.0,0.0,0.0,0.0,-0.0,-0.0,3201.6026392974004,0.5,0.0,0.0
0.26666666666666666,0.7226053097936335,0.0,0.7226053097936335,0.0,0.0,0.0,2.518150742654278,0.0,0.1045680472812089,0.0,0.0,0.0,0.0,-0.0,-0.0,3198.5696155809806,0.5,0.0,0.0
0.2833333333333333,0.7645479655642936,0.0,0.7645479655642936,0.0,0.0,0.0,2.5156046793936024,0.0,0.11704842702477909,0.0,0.0,0.0,0.0,-0.0,-0.0,3195.539657598878,0.5,0.0,0.0
0.3,0.8064482012064064,0.0,0.8064482012064064,0.0,0.0,0.0,2.513059985293994,0.0,0.1302274091251357,0.0,0.0,0.0,0.0,-0.0,-0.0,3192.5127637047412,0.5,0.0,0.0
0.31666666666666665,0.8483060395630004,0.0,0.8483060395630004,0.0,0.0,0.0,2.510516662627421,0.0,0.1441042868180352,0.0,0.0,0.0,0.0,-0.0,-0.0,3189.488932249481,0.5,0.0,0.0
0.3333333333333333,0.890121503514881,0.0,0.890121503514881,0.0,0.0,0.0,2.5079747136572292,0.0,0.1586783537203449,0.0,0.0,0.0,0.0,-0.0,-0.0,3186.4681615812765,0.5,0.0,0.0
0.35,0.9318946159804853,0.0,0.9318946159804853,0.0,0.0,0.0,2.5054341406381475,0.0,0.17394890383067108,0.0,0.0,0.0,0.0,-0.0,-0.0,3183.4504500455832,0.5,0.0,0.0
0.36666666666666664,0.9736253999157405,0.0,0.9736253999157405,0.0,0.0,0.0,2.5028949458163057,0.0,0.18991523152998466,0.0,0.0,0.0,0.0,-0.0,-0.0,3180.4357959851504,0.5,0.0,0.0
0.3833333333333333,1.0153138783139193,0.0,1.0153138783139193,0.0,0.0,0.0,2.5003571314292383,0.0,0.20657663158224454,0.0,0.0,0.0,0.0,-0.0,-0.0,3177.424197740027,0.5,0.0,0.0
0.4,1.0569600742054972,0.0,1.0569600742054972,0.0,0.0,0.0,2.4978206997058954,0.0,0.22393239913501856,0.0,0.0,0.0,0.0,-0.0,-0.0,3174.4156536475703,0.5,0.0,0.0
0.4166666666666667,1.0985640106580101,0.0,1.0985640106580101,0.0,0.0,0.0,2.495285652866655,0.0,0.24198182972010202,0.0,0.0,0.0,0.0,-0.0,-0.0,3171.4101620424603,0.5,0.0,0.0
0.43333333333333335,1.1401257107759104,0.0,1.1401257107759104,0.0,0.0,0.0,2.4927519931233304,0.0,0.2607242192541339,0.0,0.0,0.0,0.0,-0.0,-0.0,3168.4077212567076,0.5,0.0,0.0
0.45,1.1816451977004254,0.0,1.1816451977004254,0.0,0.0,0.0,2.490219722679183,0.0,0.2801588640392107,0.0,0.0,0.0,0.0,-0.0,-0.0,3165.4083296196636,0.5,0.0,0.0
0.4666666666666667,1.2231224946094135,0.0,1.2231224946094135,0.0,0.0,0.0,2.4876888437289315,0.0,0.30028506076349765,0.0,0.0,0.0,0.0,-0.0,-0.0,3162.4119854580345,0.5,0.0,0.0
0.48333333333333334,1.264557624717224,0.0,1.264557624717224,0.0,0.0,0.0,2.4851593584587603,0.0,0.3211021065018382,0.0,0.0,0.0,0.0,-0.0,-0.0,3159.4186870958847,0.5,0.0,0.0
0.5,1.3059506112745531,0.0,1.3059506112745531,0.0,0.0,0.0,2.4826312690463315,0.0,0.34260929871636,0.0,0.0,0.0,0.0,-0.0,-0.0,3156.428432854653,0.5,0.0,0.0
0.5166666666666666,1.3473014775683032,0.0,1.3473014775683032,0.0,0.0,0.0,2.480104577660796,0.0,0.36480593525708005,0.0,0.0,0.0,0.0,-0.0,-0.0,3153.4412210531596,0.5,0.0,0.0
0.5333333333333333,1.3886102469214399,0.0,1.3886102469214399,0.0,0.0,0.0,2.4775792864628,0.0,0.38769131436250603,0.0,0.0,0.0,0.0,-0.0,-0.0,3150.457050007619,0.5,0.0,0.0
0.55,1.429876942692852,0.0,1.429876942692852,0.0,0.0,0.0,2.4750553976045,0.0,0.41126473466023616,0.0,0.0,0.0,0.0,-0.0,-0.0,3147.4759180316473,0.5,0.0,0.0
0.5666666666666667,1.4711015882772083,0.0,1.4711015882772083,0.0,0.0,0.0,2.472532913229571,0.0,0.4355254951675562,0.0,0.0,0.0,0.0,-0.0,-0.0,3144.4978234362757,0.5,0.0,0.0
0.5833333333333334,1.5122842071048177,0.0,1.5122842071048177,0.0,0.0,0.0,2.4700118354732137,0.0,0.46047289529203467,0.0,0.0,0.0,0.0,-0.0,-0.0,3141.5227645299565,0.5,0.0,0.0
0.6,1.553424822641488,0.0,1.553424822641488,0.0,0.0,0.0,2.4674921664621716,0.0,0.4861062348321152,0.0,0.0,0.0,0.0,-0.0,-0.0,3138.550739618578,0.5,0.0,0.0
0.6166666666666667,1.594523458388384,0.0,1.594523458388384,0.0,0.0,0.0,2.4649739083147364,0.0,0.5124248139777067,0.0,0.0,0.0,0.0,-0.0,-0.0,3135.581747005471,0.5,0.0,0.0
0.6333333333333333,1.635580137881888,0.0,1.635580137881888,0.0,0.0,0.0,2.4624570631407576,0.0,0.5394279333107711,0.0,0.0,0.0,0.0,-0.0,-0.0,3132.61578499142,0.5,0.0,0.0
0.65,1.6765948846934582,0.0,1.6765948846934582,0.0,0.0,0.0,2.4599416330416584,0.0,0.567114893805909,0.0,0.0,0.0,0.0,-0.0,-0.0,3129.6528518746745,0.5,0.0,0.0
0.6666666666666666,1.7175677224294892,0.0,1.7175677224294892,0.0,0.0,0.0,2.4574276201104395,0.0,0.5954849968309426,0.0,0.0,0.0,0.0,-0.0,-0.0,3126.692945950959,0.5,0.0,0.0
0.6833333333333333,1.7584986747311708,0.0,1.7584986747311708,0.0,0.0,0.0,2.4549150264316957,0.0,0.624537544147497,0.0,0.0,0.0,0.0,-0.0,-0.0,3123.7360655134803,0.5,0.0,0.0
0.7,1.7993877652743493,0.0,1.7993877652743493,0.0,0.0,0.0,2.452403854081621,0.0,0.6542718379115778,0.0,0.0,0.0,0.0,-0.0,-0.0,3120.782208852942,0.5,0.0,0.0
0.7166666666666667,1.840235017769386,0.0,1.840235017769386,0.0,0.0,0.0,2.449894105128022,0.0,0.6846871806741482,0.0,0.0,0.0,0.0,-0.0,-0.0,3117.8313742575497,0.5,0.0,0.0
0.7333333333333333,1.8810404559610192,0.0,1.8810404559610192,0.0,0.0,0.0,2.4473857816303313,0.0,0.7157828753817023,0.0,0.0,0.0,0.0,-0.0,-0.0,3114.8835600130283,0.5,0.0,0.0
0.75,1.9218041036282232,0.0,1.9218041036282232,0.0,0.0,0.0,2.4448788856396093,0.0,0.7475582253768361,0.0,0.0,0.0,0.0,-0.0,-0.0,3111.9387644026215,0.5,0.0,0.0
0.7666666666666666,1.9625259845840697,0.0,1.9625259845840697,0.0,0.0,0.0,2.4423734191985647,0.0,0.780012534398818,0.0,0.0,0.0,0.0,-0.0,-0.0,3108.996985707113,0.5,0.0,0.0
0.7833333333333333,2.0032061226755893,0.0,2.0032061226755893,0.0,0.0,0.0,2.4398693843415593,0.0,0.8131451065841544,0.0,0.0,0.0,0.0,-0.0,-0.0,3106.058222204829,0.5,0.0,0.0
0.8,2.0438445417836304,0.0,2.0438445417836304,0.0,0.0,0.0,2.4373667830946197,0.0,0.8469552464671548,0.0,0.0,0.0,0.0,-0.0,-0.0,3103.1224721716503,0.5,0.0,0.0
0.8166666666666667,2.0844412658227234,0.0,2.0844412658227234,0.0,0.0,0.0,2.434865617475449,0.0,0.8814422589804937,0.0,0.0,0.0,0.0,-0.0,-0.0,3100.189733881025,0.5,0.0,0.0
0.8333333333333334,2.12499631874094,0.0,2.12499631874094,0.0,0.0,0.0,2.432365889493436,0.0,0.9166054494557707,0.0,0.0,0.0,0.0,-0.0,-0.0,3097.260005603974,0.5,0.0,0.0
0.85,2.165509724519755,0.0,2.165509724519755,0.0,0.0,0.0,2.429867601149669,0.0,0.9524441236240684,0.0,0.0,0.0,0.0,-0.0,-0.0,3094.3332856091047,0.5,0.0,0.0
0.8666666666666667,2.2059815071739073,0.0,2.2059815071739073,0.0,0.0,0.0,2.4273707544369407,0.0,0.988957587616507,0.0,0.0,0.0,0.0,-0.0,-0.0,3091.409572162618,0.5,0.0,0.0
0.8833333333333333,2.2464116907512643,0.0,2.2464116907512643,0.0,0.0,0.0,2.424875351339765,0.0,1.0261451479647976,0.0,0.0,0.0,0.0,-0.0,-0.0,3088.4888635283214,0.5,0.0,0.0
0.9,2.286800299332682,0.0,2.286800299332682,0.0,0.0,0.0,2.422381393834385,0.0,1.0640061116017934,0.0,0.0,0.0,0.0,-0.0,-0.0,3085.5711579676363,0.5,0.0,0.0
0.9166666666666666,2.3271473570318677,0.0,2.3271473570318677,0.0,0.0,0.0,2.4198888838887838,0.0,1.1025397858620367,0.0,0.0,0.0,0.0,-0.0,-0.0,3082.6564537396093,0.5,0.0,0.0
0.9333333333333333,2.367452887995241,0.0,2.367452887995241,0.0,0.0,0.0,2.417397823462696,0.0,1.1417454784823065,0.0,0.0,0.0,0.0,-0.0,-0.0,3079.744749100923,0.5,0.0,0.0
0.95,2.4077169164018004,0.0,2.4077169164018004,0.0,0.0,0.0,2.4149082145076175,0.0,1.1816224976021614,0.0,0.0,0.0,0.0,-0.0,-0.0,3076.8360423059025,0.5,0.0,0.0
0.9666666666666667,2.4479394664629823,0.0,2.4479394664629823,0.0,0.0,0.0,2.4124200589668168,0.0,1.2221701517644818,0.0,0.0,0.0,0.0,-0.0,-0.0,3073.9303316065293,0.5,0.0,0.0
0.9833333333333333,2.4881205624225253,0.0,2.4881205624225253,0.0,0.0,0.0,2.4099333587753478,0.0,1.263387749916008,0.0,0.0,0.0,0.0,-0.0,-0.0,3071.0276152524493,0.5,0.0,0.0
1.0,2.5282602285563343,0.0,2.5282602285563343,0.0,0.0,0.0,2.407448115860057,0.0,1.3052746014078784,0.0,0.0,0.0,0.0,-0.0,-0.0,3068.1278914909817,0.5,0.0,0.0
1.0166666666666666,2.568358489172341,0.0,2.568358489172341,0.0,0.0,0.0,2.4049643321395986,0.0,1.3478300159961634,0.0,0.0,0.0,0.0,-0.0,-0.0,3065.231158567132,0.5,0.0,0.0
1.0333333333333332,2.6084153686103724,0.0,2.6084153686103724,0.0,0.0,0.0,2.4024820095244417,0.0,1.3910533038423982,0.0,0.0,0.0,0.0,-0.0,-0.0,3062.3374147235986,0.5,0.0,0.0
1.05,2.6484308912420085,0.0,2.6484308912420085,0.0,0.0,0.0,2.400001149916883,0.0,1.4349437755141123,0.0,0.0,0.0,0.0,-0.0,-0.0,3059.446658200784,0.5,0.0,0.0
1.0666666666666667,2.6884050814704503,0.0,2.6884050814704503,0.0,0.0,0.0,2.3975217552110566,0.0,1.4795007419853583,0.0,0.0,0.0,0.0,-0.0,-0.0,3056.558887236804,0.5,0.0,0.0
1.0833333333333333,2.728337963730383,0.0,2.728337963730383,0.0,0.0,0.0,2.39504382729295,0.0,1.5247235146372364,0.0,0.0,0.0,0.0,-0.0,-0.0,3053.6741000675,0.5,0.0,0.0
1.1,2.7682295624878406,0.0,2.7682295624878406,0.0,0.0,0.0,2.3925673680404076,0.0,1.570611405258419,0.0,0.0,0.0,0.0,-0.0,-0.0,3050.792294926446,0.5,0.0,0.0
1.1166666666666667,2.808079902240069,0.0,2.808079902240069,0.0,0.0,0.0,2.3900923793231454,0.0,1.6171637260456702,0.0,0.0,0.0,0.0,-0.0,-0.0,3047.913470044958,0.5,0.0,0.0
1.1333333333333333,2.847889007515392,0.0,2.847889007515392,0.0,0.0,0.0,2.387618863002764,0.0,1.6643797896043662,0.0,0.0,0.0,0.0,-0.0,-0.0,3045.037623652107,0.5,0.0,0.0
1.15,2.8876569028730756,0.0,2.8876569028730756,0.0,0.0,0.0,2.385146820932757,0.0,1.7122589089490103,0.0,0.0,0.0,0.0,-0.0,-0.0,3042.1647539747255,0.5,0.0,0.0
1.1666666666666667,2.927383612903192,0.0,2.927383612903192,0.0,0.0,0.0,2.382676254958522,0.0,1.7608003975037487,0.0,0.0,0.0,0.0,-0.0,-0.0,3039.294859237419,0.5,0.0,0.0
1.1833333333333333,2.9670691622264873,0.0,2.9670691622264873,0.0,0.0,0.0,2.3802071669173728,0.0,1.8100035691028815,0.0,0.0,0.0,0.0,-0.0,-0.0,3036.427937662576,0.5,0.0,0.0
1.2,3.0067135754942447,0.0,3.0067135754942447,0.0,0.0,0.0,2.377739558638551,0.0,1.8598677379913728,0.0,0.0,0.0,0.0,-0.0,-0.0,3033.5639874703766,0.5,0.0,0.0
1.2166666666666666,3.0463168773881497,0.0,3.0463168773881497,0.0,0.0,0.0,2.3752734319432367,0.0,1.9103922188253584,0.0,0.0,0.0,0.0,-0.0,-0.0,3030.7030068788017,0.5,0.0,0.0
1.2333333333333334,3.0858790926201594,0.0,3.0858790926201594,0.0,0.0,0.0,2.372808788644558,0.0,1.9615763266726514,0.0,0.0,0.0,0.0,-0.0,-0.0,3027.8449941036456,0.5,0.0,0.0
1.25,3.1254002459323638,0.0,3.1254002459323638,0.0,0.0,0.0,2.370345630547605,0.0,2.0134193770132436,0.0,0.0,0.0,0.0,-0.0,-0.0,3024.989947358522,0.5,0.0,0.0
1.2666666666666666,3.1648803620968553,0.0,3.1648803620968553,0.0,0.0,0.0,2.367883959449439,0.0,2.065920685739809,0.0,0.0,0.0,0.0,-0.0,-0.0,3022.137864854876,0.5,0.0,0.0
1.2833333333333332,3.2043194659155922,0.0,3.2043194659155922,0.0,0.0,0.0,2.365423777139105,0.0,2.119079569158201,0.0,0.0,0.0,0.0,-0.0,-0.0,3019.2887448019947,0.5,0.0,0.0
1.3,3.243717582220269,0.0,3.243717582220269,0.0,0.0,0.0,2.362965085397642,0.0,2.172895343987949,0.0,0.0,0.0,0.0,-0.0,-0.0,3016.4425854070123,0.5,0.0,0.0
1.3166666666666667,3.28307473587218,0.0,3.28307473587218,0.0,0.0,0.0,2.360507885998094,0.0,2.2273673273627503,0.0,0.0,0.0,0.0,-0.0,-0.0,3013.5993848749254,0.5,0.0,0.0
1.3333333333333333,3.322390951762087,0.0,3.322390951762087,0.0,0.0,0.0,2.3580521807055237,0.0,2.2824948368309674,0.0,0.0,0.0,0.0,-0.0,-0.0,3010.7591414085987,0.5,0.0,0.0
1.35,3.361666254810085,0.0,3.361666254810085,0.0,0.0,0.0,2.355597971277021,0.0,2.3382771903561124,0.0,0.0,0.0,0.0,-0.0,-0.0,3007.9218532087766,0.5,0.0,0.0
1.3666666666666667,3.400900669965473,0.0,3.400900669965473,0.0,0.0,0.0,2.353145259461715,0.0,2.394713706317338,0.0,0.0,0.0,0.0,-0.0,-0.0,3005.0875184740908,0.5,0.0,0.0
1.3833333333333333,3.440094222206618,0.0,3.440094222206618,0.0,0.0,0.0,2.350694047000787,0.0,2.45180370350992,0.0,0.0,0.0,0.0,-0.0,-0.0,3002.256135401073,0.5,0.0,0.0
1.4,3.479246936540826,0.0,3.479246936540826,0.0,0.0,0.0,2.3482443356274803,0.0,2.509546501145744,0.0,0.0,0.0,0.0,-0.0,-0.0,2999.4277021841617,0.5,0.0,0.0
1.4166666666666667,3.518358838004206,0.0,3.518358838004206,0.0,0.0,0.0,2.34579612706711,0.0,2.5679414188537817,0.0,0.0,0.0,0.0,-0.0,-0.0,2996.6022170157116,0.5,0.0,0.0
1.4333333333333333,3.5574299516615397,0.0,3.5574299516615397,0.0,0.0,0.0,2.34334942303708,0.0,2.626987776680575,0.0,0.0,0.0,0.0,-0.0,-0.0,2993.7796780860062,0.5,0.0,0.0
1.45,3.5964603026061503,0.0,3.5964603026061503,0.0,0.0,0.0,2.340904225246888,0.0,2.686684895090708,0.0,0.0,0.0,0.0,-0.0,-0.0,2990.9600835832643,0.5,0.0,0.0
1.4666666666666666,3.6354499159597706,0.0,3.6354499159597706,0.0,0.0,0.0,2.338460535398141,0.0,2.7470320949672815,0.0,0.0,0.0,0.0,-0.0,-0.0,2988.1434316936507,0.5,0.0,0.0
1.4833333333333334,3.674398816872411,0.0,3.674398816872411,0.0,0.0,0.0,2.3360183551845632,0.0,2.8080286976123903,0.0,0.0,0.0,0.0,-0.0,-0.0,2985.3297206012844,0.5,0.0,0.0
1.5,3.71330703052223,0.0,3.71330703052223,0.0,0.0,0.0,2.333577686292013,0.0,2.869674024747586,0.0,0.0,0.0,0.0,-0.0,-0.0,2982.5189484882508,0.5,0.0,0.0
1.5166666666666666,3.752174582115399,0.0,3.752174582115399,0.0,0.0,0.0,2.33113853039849,0.0,2.93196739851435,0.0,0.0,0.0,0.0,-0.0,-0.0,2979.7111135346095,0.5,0.0,0.0
1.5333333333333332,3.7910014968859773,0.0,3.7910014968859773,0.0,0.0,0.0,2.328700889174147,0.0,2.9949081414745566,0.0,0.0,0.0,0.0,-0.0,-0.0,2976.9062139184034,0.5,0.0,0.0
1.55,3.829787800095777,0.0,3.829787800095777,0.0,0.0,0.0,2.3262647642813024,0.0,3.0584955766109365,0.0,0.0,0.0,0.0,-0.0,-0.0,2974.1042478156673,0.5,0.0,0.0
1.5666666666666667,3.868533517034234,0.0,3.868533517034234,0.0,0.0,0.0,2.3238301573744518,0.0,3.1227290273275403,0.0,0.0,0.0,0.0,-0.0,-0.0,2971.305213400441,0.5,0.0,0.0
1.5833333333333333,3.9072386730182784,0.0,3.9072386730182784,0.0,0.0,0.0,2.3213970701002804,0.0,3.1876078174501936,0.0,0.0,0.0,0.0,-0.0,-0.0,2968.509108844775,0.5,0.0,0.0
1.6,3.945903293392203,0.0,3.945903293392203,0.0,0.0,0.0,2.318965504097671,0.0,3.2531312712269576,0.0,0.0,0.0,0.0,-0.0,-0.0,2965.7159323187407,0.5,0.0,0.0
1.6166666666666667,3.984527403527535,0.0,3.984527403527535,0.0,0.0,0.0,2.316535460997722,0.0,3.319298713328582,0.0,0.0,0.0,0.0,-0.0,-0.0,2962.9256819904413,0.5,0.0,0.0
1.6333333333333333,4.023111028822905,0.0,4.023111028822905,0.0,0.0,0.0,2.3141069424237504,0.0,3.386109468848957,0.0,0.0,0.0,0.0,-0.0,-0.0,2960.1383560260197,0.5,0.0,0.0
1.65,4.061654194703917,0.0,4.061654194703917,0.0,0.0,0.0,2.3116799499913117,0.0,3.453562863305564,0.0,0.0,0.0,0.0,-0.0,-0.0,2957.353952589668,0.5,0.0,0.0
1.6666666666666667,4.100156926623024,0.0,4.100156926623024,0.0,0.0,0.0,2.3092544853082067,0.0,3.5216582226399264,0.0,0.0,0.0,0.0,-0.0,-0.0,2954.5724698436384,0.5,0.0,0.0
1.6833333333333333,4.138619250059389,0.0,4.138619250059389,0.0,0.0,0.0,2.3068305499744937,0.0,3.590394873218052,0.0,0.0,0.0,0.0,-0.0,-0.0,2951.793905948249,0.5,0.0,0.0
1.7,4.177041190518766,0.0,4.177041190518766,0.0,0.0,0.0,2.3044081455825025,0.0,3.659772141830879,0.0,0.0,0.0,0.0,-0.0,-0.0,2949.018259061899,0.5,0.0,0.0
1.7166666666666666,4.215422773533368,0.0,4.215422773533368,0.0,0.0,0.0,2.3019872737168425,0.0,3.7297893556947166,0.0,0.0,0.0,0.0,-0.0,-0.0,2946.2455273410696,0.5,0.0,0.0
1.7333333333333334,4.253764024661737,0.0,4.253764024661737,0.0,0.0,0.0,2.2995679359544186,0.0,3.800445842451686,0.0,0.0,0.0,0.0,-0.0,-0.0,2943.4757089403424,0.5,0.0,0.0
1.75,4.292064969488615,0.0,4.292064969488615,0.0,0.0,0.0,2.297150133864438,0.0,3.8717409301701577,0.0,0.0,0.0,0.0,-0.0,-0.0,2940.708802012402,0.5,0.0,0.0
1.7666666666666666,4.3303256336248195,0.0,4.3303256336248195,0.0,0.0,0.0,2.294733869008427,0.0,3.9436739473451845,0.0,0.0,0.0,0.0,-0.0,-0.0,2937.944804708048,0.5,0.0,0.0
1.7833333333333332,4.368546042707112,0.0,4.368546042707112,0.0,0.0,0.0,2.292319142940238,0.0,4.01624422289894,0.0,0.0,0.0,0.0,-0.0,-0.0,2935.1837151762047,0.5,0.0,0.0
1.8,4.406726222398071,0.0,4.406726222398071,0.0,0.0,0.0,2.2899059572060656,0.0,4.089451086181141,0.0,0.0,0.0,0.0,-0.0,-0.0,2932.4255315639284,0.5,0.0,0.0
1.8166666666666667,4.444866198385969,0.0,4.444866198385969,0.0,0.0,0.0,2.2874943133444545,0.0,4.163293866969487,0.0,0.0,0.0,0.0,-0.0,-0.0,2929.670252016418,0.5,0.0,0.0
1.8333333333333333,4.482965996384638,0.0,4.482965996384638,0.0,0.0,0.0,2.2850842128863147,0.0,4.237771895470077,0.0,0.0,0.0,0.0,-0.0,-0.0,2926.9178746770244,0.5,0.0,0.0
1.8499999999999999,4.521025642133347,0.0,4.521025642133347,0.0,0.0,0.0,2.2826756573549307,0.0,4.312884502317845,0.0,0.0,0.0,0.0,-0.0,-0.0,2924.1683976872587,0.5,0.0,0.0
1.8666666666666667,4.559045161396672,0.0,4.559045161396672,0.0,0.0,0.0,2.2802686482659746,0.0,4.38863101857697,0.0,0.0,0.0,0.0,-0.0,-0.0,2921.4218191868017,0.5,0.0,0.0
1.8833333333333333,4.597024579964374,0.0,4.597024579964374,0.0,0.0,0.0,2.277863187127517,0.0,4.465010775741309,0.0,0.0,0.0,0.0,-0.0,-0.0,2918.678137313514,0.5,0.0,0.0
1.9,4.634963923651267,0.0,4.634963923651267,0.0,0.0,0.0,2.2754592754400393,0.0,4.542023105734804,0.0,0.0,0.0,0.0,-0.0,-0.0,2915.9373502034437,0.5,0.0,0.0
1.9166666666666667,4.6728632182970955,0.0,4.6728632182970955,0.0,0.0,0.0,2.2730569146964474,0.0,4.619667340911909,0.0,0.0,0.0,0.0,-0.0,-0.0,2913.1994559908358,0.5,0.0,0.0
1.9333333333333333,4.710722489766406,0.0,4.710722489766406,0.0,0.0,0.0,2.27065610638208,0.0,4.6979428140579955,0.0,0.0,0.0,0.0,-0.0,-0.0,2910.464452808143,0.5,0.0,0.0
1.95,4.748541763948422,0.0,4.748541763948422,0.0,0.0,0.0,2.268256851974722,0.0,4.7768488583897675,0.0,0.0,0.0,0.0,-0.0,-0.0,2907.7323387860324,0.5,0.0,0.0
1.9666666666666666,4.786321066756919,0.0,4.786321066756919,0.0,0.0,0.0,2.265859152944618,0.0,4.856384807555674,0.0,0.0,0.0,0.0,-0.0,-0.0,2905.0031120533954,0.5,0.0,0.0
1.9833333333333334,4.8240604241300975,0.0,4.8240604241300975,0.0,0.0,0.0,2.2634630107544824,0.0,4.936549995636316,0.0,0.0,0.0,0.0,-0.0,-0.0,2902.2767707373587,0.5,0.0,0.0
2.0,4.861759862030459,0.0,4.861759862030459,0.0,0.0,0.0,2.261068426859512,0.0,5.017343757144847,0.0,0.0,0.0,0.0,-0.0,-0.0,2899.5533129632904,0.5,0.0,0.0
2.0166666666666666,4.899419406444678,0.0,4.899419406444678,0.0,0.0,0.0,2.258675402707396,0.0,5.098765427027384,0.0,0.0,0.0,0.0,-0.0,-0.0,2896.8327368548103,0.5,0.0,0.0
2.033333333333333,4.937039083383482,0.0,4.937039083383482,0.0,0.0,0.0,2.256283939738332,0.0,5.180814340663406,0.0,0.0,0.0,0.0,-0.0,-0.0,2894.1150405337994,0.5,0.0,0.0
2.05,4.974618918881521,0.0,4.974618918881521,0.0,0.0,0.0,2.2538940393850337,0.0,5.263489833866152,0.0,0.0,0.0,0.0,-0.0,-0.0,2891.4002221204087,0.5,0.0,0.0
2.0666666666666664,5.012158938997248,0.0,5.012158938997248,0.0,0.0,0.0,2.2515057030727452,0.0,5.346791242883021,0.0,0.0,0.0,0.0,-0.0,-0.0,2888.688279733068,0.5,0.0,0.0
2.0833333333333335,5.049659169812792,0.0,5.049659169812792,0.0,0.0,0.0,2.2491189322192535,0.0,5.430717904395964,0.0,0.0,0.0,0.0,-0.0,-0.0,2885.979211488494,0.5,0.0,0.0
2.1,5.087119637433833,0.0,5.087119637433833,0.0,0.0,0.0,2.2467337282348976,0.0,5.515269155521883,0.0,0.0,0.0,0.0,-0.0,-0.0,2883.273015501701,0.5,0.0,0.0
2.1166666666666667,5.12454036798948,0.0,5.12454036798948,0.0,0.0,0.0,2.2443500925225837,0.0,5.6004443338130185,0.0,0.0,0.0,0.0,-0.0,-0.0,2880.5696898860097,0.5,0.0,0.0
2.1333333333333333,5.161921387632146,0.0,5.161921387632146,0.0,0.0,0.0,2.241968026477795,0.0,5.686242777257337,0.0,0.0,0.0,0.0,-0.0,-0.0,2877.8692327530534,0.5,0.0,0.0
2.15,5.199262722537426,0.0,5.199262722537426,0.0,0.0,0.0,2.2395875314886053,0.0,5.77266382427892,0.0,0.0,0.0,0.0,-0.0,-0.0,2875.171642212791,0.5,0.0,0.0
2.1666666666666665,5.236564398903971,0.0,5.236564398903971,0.0,0.0,0.0,2.2372086089356897,0.0,5.8597068137383514,0.0,0.0,0.0,0.0,-0.0,-0.0,2872.476916373513,0.5,0.0,0.0
2.183333333333333,5.273826442953366,0.0,5.273826442953366,0.0,0.0,0.0,2.2348312601923372,0.0,5.9473710849330965,0.0,0.0,0.0,0.0,-0.0,-0.0,2869.785053341852,0.5,0.0,0.0
2.2,5.311048880930011,0.0,5.311048880930011,0.0,0.0,0.0,2.232455486624463,0.0,6.035655977597887,0.0,0.0,0.0,0.0,-0.0,-0.0,2867.096051222789,0.5,0.0,0.0
2.216666666666667,5.3482317391009895,0.0,5.3482317391009895,0.0,0.0,0.0,2.2300812895906197,0.0,6.1245608319050975,0.0,0.0,0.0,0.0,-0.0,-0.0,2864.4099081196664,0.5,0.0,0.0
2.2333333333333334,5.385375043755954,0.0,5.385375043755954,0.0,0.0,0.0,2.227708670442011,0.0,6.214084988465118,0.0,0.0,0.0,0.0,-0.0,-0.0,2861.726622134194,0.5,0.0,0.0
2.25,5.422478821207,0.0,5.422478821207,0.0,0.0,0.0,2.225337630522501,0.0,6.30422778832674,0.0,0.0,0.0,0.0,-0.0,-0.0,2859.046191366457,0.5,0.0,0.0
2.2666666666666666,5.4595430977885435,0.0,5.4595430977885435,0.0,0.0,0.0,2.22296817116863,0.0,6.394988572977518,0.0,0.0,0.0,0.0,-0.0,-0.0,2856.368613914929,0.5,0.0,0.0
2.283333333333333,5.496567899857202,0.0,5.496567899857202,0.0,0.0,0.0,2.2206002937096243,0.0,6.486366684344146,0.0,0.0,0.0,0.0,-0.0,-0.0,2853.693887876476,0.5,0.0,0.0
2.3,5.533553253791668,0.0,5.533553253791668,0.0,0.0,0.0,2.2182339994674063,0.0,6.578361464792826,0.0,0.0,0.0,0.0,-0.0,-0.0,2851.0220113463674,0.5,0.0,0.0
2.3166666666666664,5.570499185992593,0.0,5.570499185992593,0.0,0.0,0.0,2.2158692897566117,0.0,6.670972257129631,0.0,0.0,0.0,0.0,-0.0,-0.0,2848.352982418286,0.5,0.0,0.0
2.3333333333333335,5.60740572288246,0.0,5.60740572288246,0.0,0.0,0.0,2.2135061658845974,0.0,6.764198404600878,0.0,0.0,0.0,0.0,-0.0,-0.0,2845.6867991843337,0.5,0.0,0.0
2.35,5.644272890905469,0.0,5.644272890905469,0.0,0.0,0.0,2.2111446291514554,0.0,6.858039250893479,0.0,0.0,0.0,0.0,-0.0,-0.0,2843.023459735044,0.5,0.0,0.0
2.3666666666666667,5.6811007165274106,0.0,5.6811007165274106,0.0,0.0,0.0,2.208784680850025,0.0,6.952494140135311,0.0,0.0,0.0,0.0,-0.0,-0.0,2840.3629621593873,0.5,0.0,0.0
2.3833333333333333,5.717889226235547,0.0,5.717889226235547,0.0,0.0,0.0,2.2064263222659037,0.0,7.04756241689557,0.0,0.0,0.0,0.0,-0.0,-0.0,2837.705304544781,0.5,0.0,0.0
2.4,5.754638446538493,0.0,5.754638446538493,0.0,0.0,0.0,2.204069554677462,0.0,7.143243426185131,0.0,0.0,0.0,0.0,-0.0,-0.0,2835.0504849770996,0.5,0.0,0.0
2.4166666666666665,5.791348403966095,0.0,5.791348403966095,0.0,0.0,0.0,2.201714379355851,0.0,7.239536513456898,0.0,0.0,0.0,0.0,-0.0,-0.0,2832.3985015406806,0.5,0.0,0.0
2.433333333333333,5.828019125069308,0.0,5.828019125069308,0.0,0.0,0.0,2.19936079756502,0.0,7.336441024606161,0.0,0.0,0.0,0.0,-0.0,-0.0,2829.7493523183357,0.5,0.0,0.0
2.45,5.864650636420079,0.0,5.864650636420079,0.0,0.0,0.0,2.1970088105617247,0.0,7.433956305970944,0.0,0.0,0.0,0.0,-0.0,-0.0,2827.1030353913575,0.5,0.0,0.0
2.466666666666667,5.901242964611225,0.0,5.901242964611225,0.0,0.0,0.0,2.194658419595541,0.0,7.532081704332353,0.0,0.0,0.0,0.0,-0.0,-0.0,2824.4595488395303,0.5,0.0,0.0
2.4833333333333334,5.937796136256318,0.0,5.937796136256318,0.0,0.0,0.0,2.1923096259088783,0.0,7.630816566914928,0.0,0.0,0.0,0.0,-0.0,-0.0,2821.818890741137,0.5,0.0,0.0
2.5,5.974310177989557,0.0,5.974310177989557,0.0,0.0,0.0,2.1899624307369883,0.0,7.7301602413869785,0.0,0.0,0.0,0.0,-0.0,-0.0,2819.181059172967,0.5,0.0,0.0
2.5166666666666666,6.0107851164656605,0.0,6.0107851164656605,0.0,0.0,0.0,2.18761683530798,0.0,7.830112075860935,0.0,0.0,0.0,0.0,-0.0,-0.0,2816.546052210327,0.5,0.0,0.0
2.533333333333333,6.047220978359735,0.0,6.047220978359735,0.0,0.0,0.0,2.1852728408428326,0.0,7.930671418893684,0.0,0.0,0.0,0.0,-0.0,-0.0,2813.913867927051,0.5,0.0,0.0
2.55,6.083617790367166,0.0,6.083617790367166,0.0,0.0,0.0,2.182930448555404,0.0,8.03183761948691,0.0,0.0,0.0,0.0,-0.0,-0.0,2811.2845043955012,0.5,0.0,0.0
2.5666666666666664,6.119975579203493,0.0,6.119975579203493,0.0,0.0,0.0,2.1805896596524486,0.0,8.133610027087425,0.0,0.0,0.0,0.0,-0.0,-0.0,2808.6579596865877,0.5,0.0,0.0
2.5833333333333335,6.156294371604299,0.0,6.156294371604299,0.0,0.0,0.0,2.1782504753336234,0.0,8.23598799158752,0.0,0.0,0.0,0.0,-0.0,-0.0,2806.0342318697667,0.5,0.0,0.0
2.6,6.192574194325083,0.0,6.192574194325083,0.0,0.0,0.0,2.175912896791505,0.0,8.338970863325278,0.0,0.0,0.0,0.0,-0.0,-0.0,2803.413319013056,0.5,0.0,0.0
2.6166666666666667,6.228815074141149,0.0,6.228815074141149,0.0,0.0,0.0,2.1735769252116,0.0,8.442557993084913,0.0,0.0,0.0,0.0,-0.0,-0.0,2800.795219183041,0.5,0.0,0.0
2.6333333333333333,6.265017037847486,0.0,6.265017037847486,0.0,0.0,0.0,2.171242561772356,0.0,8.546748732097106,0.0,0.0,0.0,0.0,-0.0,-0.0,2798.1799304448814,0.5,0.0,0.0
2.65,6.30118011225865,0.0,6.30118011225865,0.0,0.0,0.0,2.1689098076451776,0.0,8.651542432039319,0.0,0.0,0.0,0.0,-0.0,-0.0,2795.567450862324,0.5,0.0,0.0
2.6666666666666665,6.337304324208644,0.0,6.337304324208644,0.0,0.0,0.0,2.1665786639944344,0.0,8.756938445036127,0.0,0.0,0.0,0.0,-0.0,-0.0,2792.9577784977073,0.5,0.0,0.0
2.683333333333333,6.37338970055081,0.0,6.37338970055081,0.0,0.0,0.0,2.1642491319774773,0.0,8.862936123659543,0.0,0.0,0.0,0.0,-0.0,-0.0,2790.350911411972,0.5,0.0,0.0
2.7,6.4094362681577,0.0,6.4094362681577,0.0,0.0,0.0,2.161921212744646,0.0,8.969534820929331,0.0,0.0,0.0,0.0,-0.0,-0.0,2787.7468476646677,0.5,0.0,0.0
2.716666666666667,6.44544405392097,0.0,6.44544405392097,0.0,0.0,0.0,2.1595949074392875,0.0,9.076733890313337,0.0,0.0,0.0,0.0,-0.0,-0.0,2785.1455853139646,0.5,0.0,0.0
2.7333333333333334,6.481413084751257,0.0,6.481413084751257,0.0,0.0,0.0,2.1572702171977625,0.0,9.184532685727794,0.0,0.0,0.0,0.0,-0.0,-0.0,2782.5471224166586,0.5,0.0,0.0
2.75,6.517343387578067,0.0,6.517343387578067,0.0,0.0,0.0,2.1549471431494607,0.0,9.292930561537641,0.0,0.0,0.0,0.0,-0.0,-0.0,2779.95145702818,0.5,0.0,0.0
2.7666666666666666,6.553234989349652,0.0,6.553234989349652,0.0,0.0,0.0,2.1526256864168136,0.0,9.401926872556844,0.0,0.0,0.0,0.0,-0.0,-0.0,2777.358587202604,0.5,0.0,0.0
2.783333333333333,6.589087917032902,0.0,6.589087917032902,0.0,0.0,0.0,2.150305848115306,0.0,9.511520974048693,0.0,0.0,0.0,0.0,-0.0,-0.0,2774.7685109926583,0.5,0.0,0.0
2.8,6.624902197613227,0.0,6.624902197613227,0.0,0.0,0.0,2.1479876293534867,0.0,9.621712221726126,0.0,0.0,0.0,0.0,-0.0,-0.0,2772.18122644973,0.5,0.0,0.0
2.8166666666666664,6.660677858094439,0.0,6.660677858094439,0.0,0.0,0.0,2.145671031232985,0.0,9.732499971752024,0.0,0.0,0.0,0.0,-0.0,-0.0,2769.596731623875,0.5,0.0,0.0
2.8333333333333335,6.6964149254986385,0.0,6.6964149254986385,0.0,0.0,0.0,2.1433560548485175,0.0,9.843883580739528,0.0,0.0,0.0,0.0,-0.0,-0.0,2767.015024563826,0.5,0.0,0.0
2.85,6.732113426866101,0.0,6.732113426866101,0.0,0.0,0.0,2.1410427012879065,0.0,9.955862405752331,0.0,0.0,0.0,0.0,-0.0,-0.0,2764.4361033170026,0.5,0.0,0.0
2.8666666666666667,6.767773389255157,0.0,6.767773389255157,0.0,0.0,0.0,2.138730971632086,0.0,10.068435804304992,0.0,0.0,0.0,0.0,-0.0,-0.0,2761.8599659295164,0.5,0.0,0.0
2.8833333333333333,6.803394839742086,0.0,6.803394839742086,0.0,0.0,0.0,2.136420866955122,0.0,10.18160313436322,0.0,0.0,0.0,0.0,-0.0,-0.0,2759.286610446183,0.5,0.0,0.0
2.9,6.838977805420992,0.0,6.838977805420992,0.0,0.0,0.0,2.134112388324216,0.0,10.295363754344189,0.0,0.0,0.0,0.0,-0.0,-0.0,2756.716034910526,0.5,0.0,0.0
2.9166666666666665,6.8745223134037,0.0,6.8745223134037,0.0,0.0,0.0,2.131805536799723,0.0,10.409717023116826,0.0,0.0,0.0,0.0,-0.0,-0.0,2754.148237364788,0.5,0.0,0.0
2.933333333333333,6.910028390819631,0.0,6.910028390819631,0.0,0.0,0.0,2.129500313435164,0.0,10.5246623000021,0.0,0.0,0.0,0.0,-0.0,-0.0,2751.58321584994,0.5,0.0,0.0
2.95,6.945496064815698,0.0,6.945496064815698,0.0,0.0,0.0,2.1271967192772356,0.0,10.640198944773324,0.0,0.0,0.0,0.0,-0.0,-0.0,2749.020968405686,0.5,0.0,0.0
2.966666666666667,6.980925362556183,0.0,6.980925362556183,0.0,0.0,0.0,2.124894755365824,0.0,10.75632631765644,0.0,0.0,0.0,0.0,-0.0,-0.0,2746.461493070474,0.5,0.0,0.0
2.9833333333333334,7.016316311222634,0.0,7.016316311222634,0.0,0.0,0.0,2.1225944227340174,0.0,10.873043779330304,0.0,0.0,0.0,0.0,-0.0,-0.0,2743.904787881503,0.5,0.0,0.0
3.0,7.0516689380137425,0.0,7.0516689380137425,0.0,0.0,0.0,2.120295722408118,0.0,10.990350690926983,0.0,0.0,0.0,0.0,-0.0,-0.0,2741.3508508747323,0.5,0.0,0.0
3.0166666666666666,7.086983270145236,0.0,7.086983270145236,0.0,0.0,0.0,2.1179986554076553,0.0,11.108246414032028,0.0,0.0,0.0,0.0,-0.0,-0.0,2738.799680084888,0.5,0.0,0.0
3.033333333333333,7.122259334849764,0.0,7.122259334849764,0.0,0.0,0.0,2.1157032227453967,0.0,11.226730310684761,0.0,0.0,0.0,0.0,-0.0,-0.0,2736.251273545473,0.5,0.0,0.0
3.05,7.157497159376784,0.0,7.157497159376784,0.0,0.0,0.0,2.113409425427362,0.0,11.345801743378564,0.0,0.0,0.0,0.0,-0.0,-0.0,2733.705629288773,0.5,0.0,0.0
3.0666666666666664,7.192696770992452,0.0,7.192696770992452,0.0,0.0,0.0,2.111117264452835,0.0,11.465460075061143,0.0,0.0,0.0,0.0,-0.0,-0.0,2731.1627453458664,0.5,0.0,0.0
3.0833333333333335,7.227858196979506,0.0,7.227858196979506,0.0,0.0,0.0,2.1088267408143753,0.0,11.585704669134818,0.0,0.0,0.0,0.0,-0.0,-0.0,2728.6226197466326,0.5,0.0,0.0
3.1,7.26298146463716,0.0,7.26298146463716,0.0,0.0,0.0,2.1065378554978316,0.0,11.70653488945679,0.0,0.0,0.0,0.0,-0.0,-0.0,2726.0852505197577,0.5,0.0,0.0
3.1166666666666667,7.298066601280987,0.0,7.298066601280987,0.0,0.0,0.0,2.1042506094823534,0.0,11.827950100339418,0.0,0.0,0.0,0.0,-0.0,-0.0,2723.5506356927453,0.5,0.0,0.0
3.1333333333333333,7.333113634242811,0.0,7.333113634242811,0.0,0.0,0.0,2.1019650037404047,0.0,11.949949666550488,0.0,0.0,0.0,0.0,-0.0,-0.0,2721.0187732919226,0.5,0.0,0.0
3.15,7.368122590870592,0.0,7.368122590870592,0.0,0.0,0.0,2.0996810392377747,0.0,12.072532953313488,0.0,0.0,0.0,0.0,-0.0,-0.0,2718.4896613424503,0.5,0.0,0.0
3.1666666666666665,7.403093498528318,0.0,7.403093498528318,0.0,0.0,0.0,2.0973987169335917,0.0,12.195699326307873,0.0,0.0,0.0,0.0,-0.0,-0.0,2715.963297868328,0.5,0.0,0.0
3.183333333333333,7.4380263845958945,0.0,7.4380263845958945,0.0,0.0,0.0,2.095118037780336,0.0,12.319448151669327,0.0,0.0,0.0,0.0,-0.0,-0.0,2713.439680892406,0.5,0.0,0.0
3.2,7.472921276469031,0.0,7.472921276469031,0.0,0.0,0.0,2.0928390027238497,0.0,12.443778795990037,0.0,0.0,0.0,0.0,-0.0,-0.0,2710.9188084363896,0.5,0.0,0.0
3.216666666666667,7.507778201559131,0.0,7.507778201559131,0.0,0.0,0.0,2.090561612703351,0.0,12.568690626318938,0.0,0.0,0.0,0.0,-0.0,-0.0,2708.400678520848,0.5,0.0,0.0
3.2333333333333334,7.542597187293187,0.0,7.542597187293187,0.0,0.0,0.0,2.0882858686514485,0.0,12.694183010161995,0.0,0.0,0.0,0.0,-0.0,-0.0,2705.885289165225,0.5,0.0,0.0
3.25,7.577378261113662,0.0,7.577378261113662,0.0,0.0,0.0,2.08601177149415,0.0,12.820255315482441,0.0,0.0,0.0,0.0,-0.0,-0.0,2703.372638387843,0.5,0.0,0.0
3.2666666666666666,7.612121450478385,0.0,7.612121450478385,0.0,0.0,0.0,2.0837393221508758,0.0,12.946906910701054,0.0,0.0,0.0,0.0,-0.0,-0.0,2700.862724205912,0.5,0.0,0.0
3.283333333333333,7.646826782860441,0.0,7.646826782860441,0.0,0.0,0.0,2.0814685215344753,0.0,13.074137164696394,0.0,0.0,0.0,0.0,-0.0,-0.0,2698.3555446355413,0.5,0.0,0.0
3.3,7.68149428574806,0.0,7.68149428574806,0.0,0.0,0.0,2.0791993705512333,0.0,13.201945446805066,0.0,0.0,0.0,0.0,-0.0,-0.0,2695.8510976917414,0.5,0.0,0.0
3.3166666666666664,7.716123986644508,0.0,7.716123986644508,0.0,0.0,0.0,2.0769318701008865,0.0,13.330331126821969,0.0,0.0,0.0,0.0,-0.0,-0.0,2693.349381388436,0.5,0.0,0.0
3.3333333333333335,7.75071591306798,0.0,7.75071591306798,0.0,0.0,0.0,2.074666021076636,0.0,13.459293575000546,0.0,0.0,0.0,0.0,-0.0,-0.0,2690.85039373847,0.5,0.0,0.0
3.35,7.785270092551489,0.0,7.785270092551489,0.0,0.0,0.0,2.0724018243651567,0.0,13.588832162053027,0.0,0.0,0.0,0.0,-0.0,-0.0,2688.3541327536136,0.5,0.0,0.0
3.3666666666666667,7.819786552642757,0.0,7.819786552642757,0.0,0.0,0.0,2.070139280846613,0.0,13.718946259150687,0.0,0.0,0.0,0.0,-0.0,-0.0,2685.860596444574,0.5,0.0,0.0
3.3833333333333333,7.85426532090411,0.0,7.85426532090411,0.0,0.0,0.0,2.067878391394669,0.0,13.849635237924076,0.0,0.0,0.0,0.0,-0.0,-0.0,2683.3697828210024,0.5,0.0,0.0
3.4,7.888706424912367,0.0,7.888706424912367,0.0,0.0,0.0,2.0656191568765054,0.0,13.980898470463268,0.0,0.0,0.0,0.0,-0.0,-0.0,2680.8816898915006,0.5,0.0,0.0
3.4166666666666665,7.92310989225873,0.0,7.92310989225873,0.0,0.0,0.0,2.063361578152824,0.0,14.1127353293181,0.0,0.0,0.0,0.0,-0.0,-0.0,2678.3963156636282,0.5,0.0,0.0
3.433333333333333,7.957475750548681,0.0,7.957475750548681,0.0,0.0,0.0,2.061105656077868,0.0,14.245145187498414,0.0,0.0,0.0,0.0,-0.0,-0.0,2675.9136581439147,0.5,0.0,0.0
3.4499999999999997,7.991804027401872,0.0,7.991804027401872,0.0,0.0,0.0,2.0588513914994313,0.0,14.378127418474289,0.0,0.0,0.0,0.0,-0.0,-0.0,2673.4337153378624,0.5,0.0,0.0
3.466666666666667,8.02609475045202,0.0,8.02609475045202,0.0,0.0,0.0,2.0565987852588696,0.0,14.511681396176277,0.0,0.0,0.0,0.0,-0.0,-0.0,2670.956485249955,0.5,0.0,0.0
3.4833333333333334,8.060347947346791,0.0,8.060347947346791,0.0,0.0,0.0,2.054347838191116,0.0,14.645806494995641,0.0,0.0,0.0,0.0,-0.0,-0.0,2668.481965883669,0.5,0.0,0.0
3.5,8.094563645747705,0.0,8.094563645747705,0.0,0.0,0.0,2.0520985511246903,0.0,14.78050208978458,0.0,0.0,0.0,0.0,-0.0,-0.0,2666.0101552414767,0.5,0.0,0.0
3.5166666666666666,8.128741873330023,0.0,8.128741873330023,0.0,0.0,0.0,2.049850924881715,0.0,14.915767555856464,0.0,0.0,0.0,0.0,-0.0,-0.0,2663.541051324856,0.5,0.0,0.0
3.533333333333333,8.16288265778264,0.0,8.16288265778264,0.0,0.0,0.0,2.047604960277925,0.0,15.051602268986056,0.0,0.0,0.0,0.0,-0.0,-0.0,2661.0746521343003,0.5,0.0,0.0
3.55,8.196986026807984,0.0,8.196986026807984,0.0,0.0,0.0,2.0453606581226804,0.0,15.188005605409744,0.0,0.0,0.0,0.0,-0.0,-0.0,2658.6109556693214,0.5,0.0,0.0
3.5666666666666664,8.231052008121905,0.0,8.231052008121905,0.0,0.0,0.0,2.043118019218981,0.0,15.324976941825762,0.0,0.0,0.0,0.0,-0.0,-0.0,2656.1499599284607,0.5,0.0,0.0
3.5833333333333335,8.265080629453564,0.0,8.265080629453564,0.0,0.0,0.0,2.040877044363476,0.0,15.462515655394418,0.0,0.0,0.0,0.0,-0.0,-0.0,2653.691662909296,0.5,0.0,0.0
3.6,8.29907191854534,0.0,8.29907191854534,0.0,0.0,0.0,2.03863773434648,0.0,15.600621123738303,0.0,0.0,0.0,0.0,-0.0,-0.0,2651.23606260845,0.5,0.0,0.0
3.6166666666666667,8.33302590315272,0.0,8.33302590315272,0.0,0.0,0.0,2.036400089951982,0.0,15.739292724942526,0.0,0.0,0.0,0.0,-0.0,-0.0,2648.7831570215944,0.5,0.0,0.0
3.6333333333333333,8.366942611044182,0.0,8.366942611044182,0.0,0.0,0.0,2.0341641119576597,0.0,15.878529837554915,0.0,0.0,0.0,0.0,-0.0,-0.0,2646.332944143463,0.5,0.0,0.0
3.65,8.40082207000111,0.0,8.40082207000111,0.0,0.0,0.0,2.0319298011348916,0.0,16.018331840586242,0.0,0.0,0.0,0.0,-0.0,-0.0,2643.8854219678537,0.5,0.0,0.0
3.6666666666666665,8.434664307817672,0.0,8.434664307817672,0.0,0.0,0.0,2.029697158248771,0.0,16.158698113510443,0.0,0.0,0.0,0.0,-0.0,-0.0,2641.4405884876414,0.5,0.0,0.0
3.683333333333333,8.468469352300726,0.0,8.468469352300726,0.0,0.0,0.0,2.027466184058115,0.0,16.299628036264814,0.0,0.0,0.0,0.0,-0.0,-0.0,2638.99844169478,0.5,0.0,0.0
3.6999999999999997,8.502237231269712,0.0,8.502237231269712,0.0,0.0,0.0,2.025236879315481,0.0,16.44112098925023,0.0,0.0,0.0,0.0,-0.0,-0.0,2636.558979580315,0.5,0.0,0.0
3.716666666666667,8.535967972556543,0.0,8.535967972556543,0.0,0.0,0.0,2.0230092447671764,0.0,16.583176353331364,0.0,0.0,0.0,0.0,-0.0,-0.0,2634.1222001343876,0.5,0.0,0.0
3.7333333333333334,8.56966160400551,0.0,8.56966160400551,0.0,0.0,0.0,2.0207832811532738,0.0,16.72579350983687,0.0,0.0,0.0,0.0,-0.0,-0.0,2631.6881013462453,0.5,0.0,0.0
3.75,8.603318153473172,0.0,8.603318153473172,0.0,0.0,0.0,2.0185589892076194,0.0,16.868971840559603,0.0,0.0,0.0,0.0,-0.0,-0.0,2629.2566812042455,0.5,0.0,0.0
3.7666666666666666,8.636937648828251,0.0,8.636937648828251,0.0,0.0,0.0,2.01633636965785,0.0,17.012710727756833,0.0,0.0,0.0,0.0,-0.0,-0.0,2626.827937695866,0.5,0.0,0.0
3.783333333333333,8.67052011795154,0.0,8.67052011795154,0.0,0.0,0.0,2.014115423225402,0.0,17.15700955415042,0.0,0.0,0.0,0.0,-0.0,-0.0,2624.4018688077113,0.5,0.0,0.0
3.8,8.704065588735782,0.0,8.704065588735782,0.0,0.0,0.0,2.011896150625527,0.0,17.301867702927037,0.0,0.0,0.0,0.0,-0.0,-0.0,2621.9784725255204,0.5,0.0,0.0
3.8166666666666664,8.737574089085584,0.0,8.737574089085584,0.0,0.0,0.0,2.009678552567302,0.0,17.447284557738357,0.0,0.0,0.0,0.0,-0.0,-0.0,2619.557746834175,0.5,0.0,0.0
3.8333333333333335,8.7710456469173,0.0,8.7710456469173,0.0,0.0,0.0,2.007462629753643,0.0,17.59325950270125,0.0,0.0,0.0,0.0,-0.0,-0.0,2617.1396897177046,0.5,0.0,0.0
3.85,8.80448029015894,0.0,8.80448029015894,0.0,0.0,0.0,2.0052483828813155,0.0,17.73979192239799,0.0,0.0,0.0,0.0,-0.0,-0.0,2614.7242991592957,0.5,0.0,0.0
3.8666666666666667,8.837878046750063,0.0,8.837878046750063,0.0,0.0,0.0,2.00303581264095,0.0,17.88688120187643,0.0,0.0,0.0,0.0,-0.0,-0.0,2612.3115731412995,0.5,0.0,0.0
3.8833333333333333,8.871238944641672,0.0,8.871238944641672,0.0,0.0,0.0,2.0008249197170556,0.0,18.0345267266502,0.0,0.0,0.0,0.0,-0.0,-0.0,2609.9015096452385,0.5,0.0,0.0
3.9,8.904563011796117,0.0,8.904563011796117,0.0,0.0,0.0,1.9986157047880257,0.0,18.1827278826989,0.0,0.0,0.0,0.0,-0.0,-0.0,2607.494106651814,0.5,0.0,0.0
3.9166666666666665,8.93785027618699,0.0,8.93785027618699,0.0,0.0,0.0,1.9964081685261579,0.0,18.331484056468287,0.0,0.0,0.0,0.0,-0.0,-0.0,2605.0893621409127,0.5,0.0,0.0
3.933333333333333,8.971100765799026,0.0,8.971100765799026,0.0,0.0,0.0,1.9942023115976626,0.0,18.48079463487047,0.0,0.0,0.0,0.0,-0.0,-0.0,2602.687274091616,0.5,0.0,0.0
3.9499999999999997,9.004314508627996,0.0,9.004314508627996,0.0,0.0,0.0,1.9919981346626767,0.0,18.630659005284066,0.0,0.0,0.0,0.0,-0.0,-0.0,2600.2878404822054,0.5,0.0,0.0
3.966666666666667,9.037491532680615,0.0,9.037491532680615,0.0,0.0,0.0,1.9897956383752762,0.0,18.781076555554414,0.0,0.0,0.0,0.0,-0.0,-0.0,2597.8910592901702,0.5,0.0,0.0
3.9833333333333334,9.070631865974432,0.0,9.070631865974432,0.0,0.0,0.0,1.9875948233834875,0.0,18.932046673993753,0.0,0.0,0.0,0.0,-0.0,-0.0,2595.4969284922163,0.5,0.0,0.0
4.0,9.103735536537735,0.0,9.103735536537735,0.0,0.0,0.0,1.9853956903293022,0.0,19.083568749381374,0.0,0.0,0.0,0.0,-0.0,-0.0,2593.1054460642717,0.5,0.0,0.0
4.016666666666667,9.136802572409454,0.0,9.136802572409454,0.0,0.0,0.0,1.9831982398486874,0.0,19.23564217096383,0.0,0.0,0.0,0.0,-0.0,-0.0,2590.716609981494,0.5,0.0,0.0
4.033333333333333,9.16983300163905,0.0,9.16983300163905,0.0,0.0,0.0,1.9810024725715978,0.0,19.388266328455092,0.0,0.0,0.0,0.0,-0.0,-0.0,2588.3304182182774,0.5,0.0,0.0
4.05,9.202826852286423,0.0,9.202826852286423,0.0,0.0,0.0,1.9788083891219923,0.0,19.541440612036745,0.0,0.0,0.0,0.0,-0.0,-0.0,2585.9468687482627,0.5,0.0,0.0
4.066666666666666,9.235784152421807,0.0,9.235784152421807,0.0,0.0,0.0,1.9766159901178408,0.0,19.695164412358128,0.0,0.0,0.0,0.0,-0.0,-0.0,2583.56595954434,0.5,0.0,0.0
4.083333333333333,9.26870493012568,0.0,9.26870493012568,0.0,0.0,0.0,1.974425276171142,0.0,19.84943712053654,0.0,0.0,0.0,0.0,-0.0,-0.0,2581.1876885786596,0.5,0.0,0.0
4.1,9.30158921348865,0.0,9.30158921348865,0.0,0.0,0.0,1.9722362478879316,0.0,20.004258128157378,0.0,0.0,0.0,0.0,-0.0,-0.0,2578.812053822638,0.5,0.0,0.0
4.116666666666666,9.334437030611367,0.0,9.334437030611367,0.0,0.0,0.0,1.9700489058682975,0.0,20.159626827274334,0.0,0.0,0.0,0.0,-0.0,-0.0,2576.4390532469633,0.5,0.0,0.0
4.133333333333333,9.36724840960442,0.0,9.36724840960442,0.0,0.0,0.0,1.9678632507063916,0.0,20.31554261040954,0.0,0.0,0.0,0.0,-0.0,-0.0,2574.0686848216064,0.5,0.0,0.0
4.15,9.400023378588243,0.0,9.400023378588243,0.0,0.0,0.0,1.965679282990441,0.0,20.472004870553747,0.0,0.0,0.0,0.0,-0.0,-0.0,2571.700946515823,0.5,0.0,0.0
4.166666666666667,9.432761965693006,0.0,9.432761965693006,0.0,0.0,0.0,1.9634970033027632,0.0,20.629013001166477,0.0,0.0,0.0,0.0,-0.0,-0.0,2569.3358362981658,0.5,0.0,0.0
4.183333333333334,9.465464199058527,0.0,9.465464199058527,0.0,0.0,0.0,1.961316412219776,0.0,20.786566396176195,0.0,0.0,0.0,0.0,-0.0,-0.0,2566.9733521364874,0.5,0.0,0.0
4.2,9.498130106834166,0.0,9.498130106834166,0.0,0.0,0.0,1.9591375103120114,0.0,20.944664449980447,0.0,0.0,0.0,0.0,-0.0,-0.0,2564.6134919979504,0.5,0.0,0.0
4.216666666666667,9.530759717178737,0.0,9.530759717178737,0.0,0.0,0.0,1.9569602981441274,0.0,21.103306557446047,0.0,0.0,0.0,0.0,-0.0,-0.0,2562.256253849033,0.5,0.0,0.0
4.233333333333333,9.563353058260397,0.0,9.563353058260397,0.0,0.0,0.0,1.9547847762749204,0.0,21.262492113909214,0.0,0.0,0.0,0.0,-0.0,-0.0,2559.9016356555353,0.5,0.0,0.0
4.25,9.59591015825656,0.0,9.59591015825656,0.0,0.0,0.0,1.9526109452573397,0.0,21.422220515175745,0.0,0.0,0.0,0.0,-0.0,-0.0,2557.5496353825897,0.5,0.0,0.0
4.266666666666667,9.628431045353791,0.0,9.628431045353791,0.0,0.0,0.0,1.9504388056384967,0.0,21.58249115752114,0.0,0.0,0.0,0.0,-0.0,-0.0,2555.2002509946637,0.5,0.0,0.0
4.283333333333333,9.660915747747714,0.0,9.660915747747714,0.0,0.0,0.0,1.9482683579596798,0.0,21.743303437690777,0.0,0.0,0.0,0.0,-0.0,-0.0,2552.8534804555698,0.5,0.0,0.0
4.3,9.693364293642919,0.0,9.693364293642919,0.0,0.0,0.0,1.9460996027563646,0.0,21.904656752900053,0.0,0.0,0.0,0.0,-0.0,-0.0,2550.5093217284702,0.5,0.0,0.0
4.316666666666666,9.725776711252852,0.0,9.725776711252852,0.0,0.0,0.0,1.9439325405582308,0.0,22.066550500834538,0.0,0.0,0.0,0.0,-0.0,-0.0,2548.167772775888,0.5,0.0,0.0
4.333333333333333,9.758153028799732,0.0,9.758153028799732,0.0,0.0,0.0,1.941767171889169,0.0,22.22898407965011,0.0,0.0,0.0,0.0,-0.0,-0.0,2545.8288315597083,0.5,0.0,0.0
4.35,9.790493274514448,0.0,9.790493274514448,0.0,0.0,0.0,1.9396034972672964,0.0,22.391956887973116,0.0,0.0,0.0,0.0,-0.0,-0.0,2543.4924960411895,0.5,0.0,0.0
4.366666666666666,9.822797476636465,0.0,9.822797476636465,0.0,0.0,0.0,1.93744151720497,0.0,22.555468324900502,0.0,0.0,0.0,0.0,-0.0,-0.0,2541.1587641809697,0.5,0.0,0.0
4.383333333333333,9.855065663413729,0.0,9.855065663413729,0.0,0.0,0.0,1.9352812322087962,0.0,22.71951778999996,0.0,0.0,0.0,0.0,-0.0,-0.0,2538.8276339390713,0.5,0.0,0.0
4.4,9.887297863102564,0.0,9.887297863102564,0.0,0.0,0.0,1.9331226427796462,0.0,22.884104683310067,0.0,0.0,0.0,0.0,-0.0,-0.0,2536.499103274911,0.5,0.0,0.0
4.416666666666667,9.919494103967583,0.0,9.919494103967583,0.0,0.0,0.0,1.9309657494126657,0.0,23.049228405340433,0.0,0.0,0.0,0.0,-0.0,-0.0,2534.173170147303,0.5,0.0,0.0
4.433333333333334,9.9516544142816,0.0,9.9516544142816,0.0,0.0,0.0,1.9288105525972896,0.0,23.21488835707183,0.0,0.0,0.0,0.0,-0.0,-0.0,2531.8498325144715,0.5,0.0,0.0
4.45,9.983778822325519,0.0,9.983778822325519,0.0,0.0,0.0,1.9266570528172546,0.0,23.381083939956312,0.0,0.0,0.0,0.0,-0.0,-0.0,2529.5290883340513,0.5,0.0,0.0
4.466666666666667,10.015867356388249,0.0,10.015867356388249,0.0,0.0,0.0,1.9245052505506075,0.0,23.547814555917387,0.0,0.0,0.0,0.0,-0.0,-0.0,2527.210935563098,0.5,0.0,0.0
4.483333333333333,10.047920044766608,0.0,10.047920044766608,0.0,0.0,0.0,1.9223551462697235,0.0,23.71507960735011,0.0,0.0,0.0,0.0,-0.0,-0.0,2524.8953721580947,0.5,0.0,0.0
4.5,10.079936915765229,0.0,10.079936915765229,0.0,0.0,0.0,1.920206740441315,0.0,23.88287849712124,0.0,0.0,0.0,0.0,-0.0,-0.0,2522.582396074959,0.5,0.0,0.0
4.516666666666667,10.11191799769646,0.0,10.11191799769646,0.0,0.0,0.0,1.9180600335264448,0.0,24.051210628569358,0.0,0.0,0.0,0.0,-0.0,-0.0,2520.272005269048,0.5,0.0,0.0
4.533333333333333,10.143863318880285,0.0,10.143863318880285,0.0,0.0,0.0,1.9159150259805393,0.0,24.220075405504996,0.0,0.0,0.0,0.0,-0.0,-0.0,2517.9641976951684,0.5,0.0,0.0
4.55,10.175772907644207,0.0,10.175772907644207,0.0,0.0,0.0,1.9137717182533978,0.0,24.389472232210768,0.0,0.0,0.0,0.0,-0.0,-0.0,2515.658971307578,0.5,0.0,0.0
4.566666666666666,10.207646792323175,0.0,10.207646792323175,0.0,0.0,0.0,1.9116301107892109,0.0,24.559400513441485,0.0,0.0,0.0,0.0,-0.0,-0.0,2513.356324059999,0.5,0.0,0.0
4.583333333333333,10.23948500125948,0.0,10.23948500125948,0.0,0.0,0.0,1.9094902040265662,0.0,24.729859654424292,0.0,0.0,0.0,0.0,-0.0,-0.0,2511.0562539056195,0.5,0.0,0.0
4.6,10.271287562802664,0.0,10.271287562802664,0.0,0.0,0.0,1.9073519983984666,0.0,24.900849060858775,0.0,0.0,0.0,0.0,-0.0,-0.0,2508.7587587971034,0.5,0.0,0.0
4.616666666666666,10.30305450530943,0.0,10.30305450530943,0.0,0.0,0.0,1.9052154943323376,0.0,25.07236813891709,0.0,0.0,0.0,0.0,-0.0,-0.0,2506.4638366865947,0.5,0.0,0.0
4.633333333333333,10.334785857143547,0.0,10.334785857143547,0.0,0.0,0.0,1.9030806922500434,0.0,25.24441629524407,0.0,0.0,0.0,0.0,-0.0,-0.0,2504.1714855257264,0.5,0.0,0.0
4.65,10.366481646675759,0.0,10.366481646675759,0.0,0.0,0.0,1.9009475925678971,0.0,25.416992936957364,0.0,0.0,0.0,0.0,-0.0,-0.0,2501.8817032656257,0.5,0.0,0.0
4.666666666666667,10.398141902283683,0.0,10.398141902283683,0.0,0.0,0.0,1.8988161956966738,0.0,25.59009747164753,0.0,0.0,0.0,0.0,-0.0,-0.0,2499.5944878569203,0.5,0.0,0.0
4.683333333333334,10.429766652351729,0.0,10.429766652351729,0.0,0.0,0.0,1.8966865020416253,0.0,25.763729307378153,0.0,0.0,0.0,0.0,-0.0,-0.0,2497.309837249749,0.5,0.0,0.0
4.7,10.461355925271008,0.0,10.461355925271008,0.0,0.0,0.0,1.8945585120024868,0.0,25.93788785268598,0.0,0.0,0.0,0.0,-0.0,-0.0,2495.027749393761,0.5,0.0,0.0
4.716666666666667,10.492909749439232,0.0,10.492909749439232,0.0,0.0,0.0,1.8924322259734958,0.0,26.112572516580986,0.0,0.0,0.0,0.0,-0.0,-0.0,2492.748222238131,0.5,0.0,0.0
4.733333333333333,10.524428153260622,0.0,10.524428153260622,0.0,0.0,0.0,1.8903076443433997,0.0,26.287782708546526,0.0,0.0,0.0,0.0,-0.0,-0.0,2490.4712537315586,0.5,0.0,0.0
4.75,10.555911165145831,0.0,10.555911165145831,0.0,0.0,0.0,1.8881847674954702,0.0,26.463517838539424,0.0,0.0,0.0,0.0,-0.0,-0.0,2488.196841822279,0.5,0.0,0.0
4.766666666666667,10.587358813511834,0.0,10.587358813511834,0.0,0.0,0.0,1.8860635958075147,0.0,26.63977731699008,0.0,0.0,0.0,0.0,-0.0,-0.0,2485.924984458069,0.5,0.0,0.0
4.783333333333333,10.618771126781853,0.0,10.618771126781853,0.0,0.0,0.0,1.8839441296518908,0.0,26.816560554802575,0.0,0.0,0.0,0.0,-0.0,-0.0,2483.655679586252,0.5,0.0,0.0
4.8,10.650148133385255,0.0,10.650148133385255,0.0,0.0,0.0,1.8818263693955162,0.0,26.99386696335477,0.0,0.0,0.0,0.0,-0.0,-0.0,2481.388925153707,0.5,0.0,0.0
4.816666666666666,10.681489861757466,0.0,10.681489861757466,0.0,0.0,0.0,1.879710315399882,0.0,27.171695954498414,0.0,0.0,0.0,0.0,-0.0,-0.0,2479.124719106873,0.5,0.0,0.0
4.833333333333333,10.712796340339882,0.0,10.712796340339882,0.0,0.0,0.0,1.8775959680210645,0.0,27.350046940559253,0.0,0.0,0.0,0.0,-0.0,-0.0,2476.863059391756,0.5,0.0,0.0
4.85,10.744067597579775,0.0,10.744067597579775,0.0,0.0,0.0,1.8754833276097387,0.0,27.5289193343371,0.0,0.0,0.0,0.0,-0.0,-0.0,2474.603943953936,0.5,0.0,0.0
4.866666666666666,10.775303661930206,0.0,10.775303661930206,0.0,0.0,0.0,1.8733723945111902,0.0,27.708312549105965,0.0,0.0,0.0,0.0,-0.0,-0.0,2472.347370738574,0.5,0.0,0.0
4.883333333333333,10.80650456184994,0.0,10.80650456184994,0.0,0.0,0.0,1.8712631690653263,0.0,27.88822599861412,0.0,0.0,0.0,0.0,-0.0,-0.0,2470.0933376904177,0.5,0.0,0.0
4.9,10.837670325803343,0.0,10.837670325803343,0.0,0.0,0.0,1.8691556516066896,0.0,28.068659097084225,0.0,0.0,0.0,0.0,-0.0,-0.0,2467.8418427538068,0.5,0.0,0.0
4.916666666666667,10.868800982260305,0.0,10.868800982260305,0.0,0.0,0.0,1.8670498424644704,0.0,28.24961125921339,0.0,0.0,0.0,0.0,-0.0,-0.0,2465.5928838726823,0.5,0.0,0.0
4.933333333333334,10.899896559696149,0.0,10.899896559696149,0.0,0.0,0.0,1.8649457419625182,0.0,28.431081900173282,0.0,0.0,0.0,0.0,-0.0,-0.0,2463.3464589905907,0.5,0.0,0.0
4.95,10.930957086591537,0.0,10.930957086591537,0.0,0.0,0.0,1.8628433504193544,0.0,28.613070435610226,0.0,0.0,0.0,0.0,-0.0,-0.0,2461.102566050691,0.5,0.0,0.0
4.966666666666667,10.961982591432385,0.0,10.961982591432385,0.0,0.0,0.0,1.8607426681481847,0.0,28.795576281645264,0.0,0.0,0.0,0.0,-0.0,-0.0,2458.8612029957612,0.5,0.0,0.0
4.983333333333333,10.992973102709776,0.0,10.992973102709776,0.0,0.0,0.0,1.8586436954569103,0.0,28.97859885487426,0.0,0.0,0.0,0.0,-0.0,-0.0,2456.6223677682046,0.5,0.0,0.0
5.0,11.023928648919862,0.0,11.023928648919862,0.0,0.0,0.0,1.8565464326481427,0.0,29.16213757236799,0.0,0.0,0.0,0.0,-0.0,-0.0,2454.386058310057,0.5,0.0,0.0
5.016666666666667,11.05484925856379,0.0,11.05484925856379,0.0,0.0,0.0,1.8544508800192132,0.0,29.34619185167221,0.0,0.0,0.0,0.0,-0.0,-0.0,2452.152272562991,0.5,0.0,0.0
5.033333333333333,11.08573496014761,0.0,11.08573496014761,0.0,0.0,0.0,1.8523570378621868,0.0,29.530761110807745,0.0,0.0,0.0,0.0,-0.0,-0.0,2449.9210084683255,0.5,0.0,0.0
5.05,11.11658578218218,0.0,11.11658578218218,0.0,0.0,0.0,1.8502649064638732,0.0,29.715844768270582,0.0,0.0,0.0,0.0,-0.0,-0.0,2447.6922639670283,0.5,0.0,0.0
5.066666666666666,11.147401753183082,0.0,11.147401753183082,0.0,0.0,0.0,1.8481744861058413,0.0,29.90144224303193,0.0,0.0,0.0,0.0,-0.0,-0.0,2445.466036999726,0.5,0.0,0.0
5.083333333333333,11.178182901670544,0.0,11.178182901670544,0.0,0.0,0.0,1.8460857770644286,0.0,30.087552954538303,0.0,0.0,0.0,0.0,-0.0,-0.0,2443.242325506707,0.5,0.0,0.0
5.1,11.208929256169338,0.0,11.208929256169338,0.0,0.0,0.0,1.843998779610755,0.0,30.27417632271161,0.0,0.0,0.0,0.0,-0.0,-0.0,2441.0211274279304,0.5,0.0,0.0
5.116666666666666,11.239640845208703,0.0,11.239640845208703,0.0,0.0,0.0,1.8419134940107362,0.0,30.46131176794921,0.0,0.0,0.0,0.0,-0.0,-0.0,2438.802440703032,0.5,0.0,0.0
5.133333333333333,11.270317697322257,0.0,11.270317697322257,0.0,0.0,0.0,1.8398299205250923,0.0,30.648958711123996,0.0,0.0,0.0,0.0,-0.0,-0.0,2436.5862632713283,0.5,0.0,0.0
5.15,11.300959841047906,0.0,11.300959841047906,0.0,0.0,0.0,1.837748059409364,0.0,30.837116573584474,0.0,0.0,0.0,0.0,-0.0,-0.0,2434.3725930718256,0.5,0.0,0.0
5.166666666666667,11.331567304927766,0.0,11.331567304927766,0.0,0.0,0.0,1.8356679109139225,0.0,31.02578477715482,0.0,0.0,0.0,0.0,-0.0,-0.0,2432.1614280432236,0.5,0.0,0.0
5.183333333333334,11.36214011750807,0.0,11.36214011750807,0.0,0.0,0.0,1.833589475283982,0.0,31.214962744134954,0.0,0.0,0.0,0.0,-0.0,-0.0,2429.952766123924,0.5,0.0,0.0
5.2,11.392678307339079,0.0,11.392678307339079,0.0,0.0,0.0,1.831512752759613,0.0,31.404649897300615,0.0,0.0,0.0,0.0,-0.0,-0.0,2427.746605252036,0.5,0.0,0.0
5.216666666666667,11.42318190297501,0.0,11.42318190297501,0.0,0.0,0.0,1.8294377435757523,0.0,31.59484565990341,0.0,0.0,0.0,0.0,-0.0,-0.0,2425.542943365381,0.5,0.0,0.0
5.233333333333333,11.45365093297394,0.0,11.45365093297394,0.0,0.0,0.0,1.8273644479622184,0.0,31.78554945567089,0.0,0.0,0.0,0.0,-0.0,-0.0,2423.3417784015005,0.5,0.0,0.0
5.25,11.484085425897717,0.0,11.484085425897717,0.0,0.0,0.0,1.82529286614372,0.0,31.97676070880663,0.0,0.0,0.0,0.0,-0.0,-0.0,2421.143108297662,0.5,0.0,0.0
5.266666666666667,11.514485410311892,0.0,11.514485410311892,0.0,0.0,0.0,1.8232229983398704,0.0,32.168478843990265,0.0,0.0,0.0,0.0,-0.0,-0.0,2418.9469309908636,0.5,0.0,0.0
5.283333333333333,11.544850914785615,0.0,11.544850914785615,0.0,0.0,0.0,1.8211548447652008,0.0,32.36070328637754,0.0,0.0,0.0,0.0,-0.0,-0.0,2416.7532444178432,0.5,0.0,0.0
5.3,11.575181967891558,0.0,11.575181967891558,0.0,0.0,0.0,1.8190884056291687,0.0,32.55343346160044,0.0,0.0,0.0,0.0,-0.0,-0.0,2414.5620465150814,0.5,0.0,0.0
5.316666666666666,11.605478598205837,0.0,11.605478598205837,0.0,0.0,0.0,1.8170236811361729,0.0,32.74666879576715,0.0,0.0,0.0,0.0,-0.0,-0.0,2412.373335218809,0.5,0.0,0.0
5.333333333333333,11.635740834307917,0.0,11.635740834307917,0.0,0.0,0.0,1.814960671485566,0.0,32.94040871546216,0.0,0.0,0.0,0.0,-0.0,-0.0,2410.1871084650143,0.5,0.0,0.0
5.35,11.665968704780537,0.0,11.665968704780537,0.0,0.0,0.0,1.812899376871664,0.0,33.13465264774635,0.0,0.0,0.0,0.0,-0.0,-0.0,2408.0033641894456,0.5,0.0,0.0
5.366666666666666,11.696162238209618,0.0,11.696162238209618,0.0,0.0,0.0,1.810839797483761,0.0,33.329400020156996,0.0,0.0,0.0,0.0,-0.0,-0.0,2405.822100327622,0.5,0.0,0.0
5.383333333333333,11.726321463184188,0.0,11.726321463184188,0.0,0.0,0.0,1.8087819335061393,0.0,33.52465026070782,0.0,0.0,0.0,0.0,-0.0,-0.0,2403.643314814836,0.5,0.0,0.0
5.4,11.756446408296293,0.0,11.756446408296293,0.0,0.0,0.0,1.8067257851180833,0.0,33.7204027978891,0.0,0.0,0.0,0.0,-0.0,-0.0,2401.4670055861598,0.5,0.0,0.0
5.416666666666667,11.786537102140915,0.0,11.786537102140915,0.0,0.0,0.0,1.8046713524938895,0.0,33.916657060667646,0.0,0.0,0.0,0.0,-0.0,-0.0,2399.2931705764527,0.5,0.0,0.0
5.433333333333334,11.816593573315885,0.0,11.816593573315885,0.0,0.0,0.0,1.8026186358028826,0.0,34.113412478486886,0.0,0.0,0.0,0.0,-0.0,-0.0,2397.1218077203675,0.5,0.0,0.0
5.45,11.846615850421813,0.0,11.846615850421813,0.0,0.0,0.0,1.8005676352094202,0.0,34.31066848126691,0.0,0.0,0.0,0.0,-0.0,-0.0,2394.9529149523532,0.5,0.0,0.0
5.466666666666667,11.876603962061987,0.0,11.876603962061987,0.0,0.0,0.0,1.798518350872914,0.0,34.50842449940451,0.0,0.0,0.0,0.0,-0.0,-0.0,2392.7864902066653,0.5,0.0,0.0
5.483333333333333,11.906557936842308,0.0,11.906557936842308,0.0,0.0,0.0,1.7964707829478341,0.0,34.70667996377325,0.0,0.0,0.0,0.0,-0.0,-0.0,2390.6225314173685,0.5,0.0,0.0
5.5,11.936477803371195,0.0,11.936477803371195,0.0,0.0,0.0,1.794424931583726,0.0,34.90543430572345,0.0,0.0,0.0,0.0,-0.0,-0.0,2388.461036518344,0.5,0.0,0.0
5.516666666666667,11.966363590259512,0.0,11.966363590259512,0.0,0.0,0.0,1.7923807969252206,0.0,35.1046869570823,0.0,0.0,0.0,0.0,-0.0,-0.0,2386.3020034432952,0.5,0.0,0.0
5.533333333333333,11.996215326120483,0.0,11.996215326120483,0.0,0.0,0.0,1.7903383791120453,0.0,35.304437350153826,0.0,0.0,0.0,0.0,-0.0,-0.0,2384.1454301257536,0.5,0.0,0.0
5.55,12.026033039569603,0.0,12.026033039569603,0.0,0.0,0.0,1.7882976782790396,0.0,35.50468491771897,0.0,0.0,0.0,0.0,-0.0,-0.0,2381.991314499085,0.5,0.0,0.0
5.566666666666666,12.05581675922457,0.0,12.05581675922457,0.0,0.0,0.0,1.7862586945561627,0.0,35.705429093035654,0.0,0.0,0.0,0.0,-0.0,-0.0,2379.8396544964944,0.5,0.0,0.0
5.583333333333333,12.085566513705196,0.0,12.085566513705196,0.0,0.0,0.0,1.7842214280685091,0.0,35.90666930983876,0.0,0.0,0.0,0.0,-0.0,-0.0,2377.6904480510343,0.5,0.0,0.0
5.6,12.115282331633328,0.0,12.115282331633328,0.0,0.0,0.0,1.7821858789363183,0.0,36.10840500234018,0.0,0.0,0.0,0.0,-0.0,-0.0,2375.5436930956066,0.5,0.0,0.0
5.616666666666666,12.144964241632763,0.0,12.144964241632763,0.0,0.0,0.0,1.7801520472749863,0.0,36.310635605228875,0.0,0.0,0.0,0.0,-0.0,-0.0,2373.399387562971,0.5,0.0,0.0
5.633333333333333,12.174612272329178,0.0,12.174612272329178,0.0,0.0,0.0,1.778119933195082,0.0,36.513360553670886,0.0,0.0,0.0,0.0,-0.0,-0.0,2371.257529385752,0.5,0.0,0.0
5.65,12.204226452350031,0.0,12.204226452350031,0.0,0.0,0.0,1.7760895368023546,0.0,36.71657928330935,0.0,0.0,0.0,0.0,-0.0,-0.0,2369.118116496443,0.5,0.0,0.0
5.666666666666667,12.233806810324506,0.0,12.233806810324506,0.0,0.0,0.0,1.774060858197746,0.0,36.92029123026457,0.0,0.0,0.0,0.0,-0.0,-0.0,2366.98114682741,0.5,0.0,0.0
5.683333333333334,12.263353374883408,0.0,12.263353374883408,0.0,0.0,0.0,1.7720338974774048,0.0,37.124495831134,0.0,0.0,0.0,0.0,-0.0,-0.0,2364.846618310902,0.5,0.0,0.0
5.7,12.292866174659103,0.0,12.292866174659103,0.0,0.0,0.0,1.7700086547326972,0.0,37.3291925229923,0.0,0.0,0.0,0.0,-0.0,-0.0,2362.714528879054,0.5,0.0,0.0
5.716666666666667,12.322345238285424,0.0,12.322345238285424,0.0,0.0,0.0,1.7679851300502187,0.0,37.53438074339137,0.0,0.0,0.0,0.0,-0.0,-0.0,2360.5848764638918,0.5,0.0,0.0
5.733333333333333,12.3517905943976,0.0,12.3517905943976,0.0,0.0,0.0,1.7659633235118073,0.0,37.74005993036031,0.0,0.0,0.0,0.0,-0.0,-0.0,2358.4576589973412,0.5,0.0,0.0
5.75,12.381202271632178,0.0,12.381202271632178,0.0,0.0,0.0,1.763943235194553,0.0,37.946229522405524,0.0,0.0,0.0,0.0,-0.0,-0.0,2356.33287441123,0.5,0.0,0.0
5.766666666666667,12.410580298626934,0.0,12.410580298626934,0.0,0.0,0.0,1.761924865170812,0.0,38.1528889585107,0.0,0.0,0.0,0.0,-0.0,-0.0,2354.2105206372958,0.5,0.0,0.0
5.783333333333333,12.439924704020804,0.0,12.439924704020804,0.0,0.0,0.0,1.759908213508218,0.0,38.36003767813682,0.0,0.0,0.0,0.0,-0.0,-0.0,2352.090595607192,0.5,0.0,0.0
5.8,12.469235516453802,0.0,12.469235516453802,0.0,0.0,0.0,1.7578932802696932,0.0,38.5676751212222,0.0,0.0,0.0,0.0,-0.0,-0.0,2349.9730972524917,0.5,0.0,0.0
5.816666666666666,12.498512764566943,0.0,12.498512764566943,0.0,0.0,0.0,1.7558800655134614,0.0,38.77580072818251,0.0,0.0,0.0,0.0,-0.0,-0.0,2347.8580235046948,0.5,0.0,0.0
5.833333333333333,12.52775647700216,0.0,12.52775647700216,0.0,0.0,0.0,1.7538685692930593,0.0,38.98441393991076,0.0,0.0,0.0,0.0,-0.0,-0.0,2345.745372295233,0.5,0.0,0.0
5.85,12.556966682402237,0.0,12.556966682402237,0.0,0.0,0.0,1.7518587916573471,0.0,39.19351419777735,0.0,0.0,0.0,0.0,-0.0,-0.0,2343.635141555476,0.5,0.0,0.0
5.866666666666666,12.586143409410713,0.0,12.586143409410713,0.0,0.0,0.0,1.7498507326505244,0.0,39.403100943630065,0.0,0.0,0.0,0.0,-0.0,-0.0,2341.5273292167367,0.5,0.0,0.0
5.883333333333333,12.615286686671823,0.0,12.615286686671823,0.0,0.0,0.0,1.7478443923121365,0.0,39.61317361979409,0.0,0.0,0.0,0.0,-0.0,-0.0,2339.421933210277,0.5,0.0,0.0
5.9,12.644396542830412,0.0,12.644396542830412,0.0,0.0,0.0,1.7458397706770907,0.0,39.82373166907202,0.0,0.0,0.0,0.0,-0.0,-0.0,2337.3189514673127,0.5,0.0,0.0
5.916666666666667,12.673473006531855,0.0,12.673473006531855,0.0,0.0,0.0,1.7438368677756664,0.0,40.03477453474386,0.0,0.0,0.0,0.0,-0.0,-0.0,2335.218381919021,0.5,0.0,0.0
5.933333333333334,12.702516106421987,0.0,12.702516106421987,0.0,0.0,0.0,1.7418356836335254,0.0,40.24630166056706,0.0,0.0,0.0,0.0,-0.0,-0.0,2333.1202224965423,0.5,0.0,0.0
5.95,12.73152587114702,0.0,12.73152587114702,0.0,0.0,0.0,1.7398362182717282,0.0,40.45831249077649,0.0,0.0,0.0,0.0,-0.0,-0.0,2331.0244711309915,0.5,0.0,0.0
5.966666666666667,12.760502329353473,0.0,12.760502329353473,0.0,0.0,0.0,1.7378384717067397,0.0,40.67080647008448,0.0,0.0,0.0,0.0,-0.0,-0.0,2328.9311257534573,0.5,0.0,0.0
5.983333333333333,12.789445509688088,0.0,12.789445509688088,0.0,0.0,0.0,1.7358424439504465,0.0,40.883783043680765,0.0,0.0,0.0,0.0,-0.0,-0.0,2326.840184295012,0.5,0.0,0.0
